17.5,25.9,13,1013,83,0,3.5,4.6,7.2,03-1993,
17.6,26.5,14.2,1009.1,65,0,12.4,8.7,18,03-1993,
18.4,26.7,12.3,1010.2,45,3.56,16.4,7.6,10.7,03-1993,
-,-,-,-,-,-,-,-,-,03-1993,
11.3,15.8,9.2,1022,92,8.13,2.7,8,14.4,03-1993,
13.3,21.9,9.2,1022.6,75,4.83,10.8,5.2,14.4,03-1993,
17.9,26.8,9.4,1020.7,50,0,12.2,4.4,7.2,03-1993,
21.4,28.2,10.9,1019.6,39,0,14.5,5.4,10.7,03-1993,
20.8,31.6,13.1,1017.7,46,0,17.2,4.6,7.2,03-1993,
24.9,33.2,12.5,1013.1,37,0,17.4,5,10.7,03-1993,
24.6,34,14.6,1009.9,44,0,14.6,9.6,14.4,03-1993,
17.2,27.7,13.8,1011.6,70,1.02,11.3,11.7,21.7,03-1993,
8.7,17.3,4,1029,59,0,12.6,13.9,25.2,03-1993,
9.5,15.5,4,1024.4,52,0,14.8,7.8,10.7,03-1993,
15.3,26.5,4.2,1017.3,59,0,14.3,5.2,10.7,03-1993,
25.3,33.5,19,1010.9,32,0,12.4,4.8,7.2,03-1993,
20.1,30.5,16.5,1016.5,76,1.27,7.7,9.1,14.4,03-1993,
24.9,34,14.3,1014.7,42,0,17.4,5.7,10.7,03-1993,
20.3,28.4,16.4,1011.6,76,0,6.9,4.6,7.2,03-1993,
23.3,29.5,16.4,1015.9,64,0,10.6,6.7,14.4,03-1993,
19.4,28.7,15.2,1016.6,81,1.78,5.5,7.2,14.4,03-1993,
19.6,25.8,15.2,1013.6,84,2.29,2.6,6.1,10.7,03-1993,
20.3,26.5,17.3,1016.6,79,0,5.8,6.3,7.2,03-1993,
18.9,24.6,17,1016.1,88,2.03,2.3,5.7,10.7,03-1993,
23.9,31.4,17,1012.2,66,0,6.9,4.6,7.2,03-1993,
-,-,-,-,-,-,-,-,-,03-1993,
23.7,31.5,17,1009,73,0.51,8.5,7.6,14.4,03-1993,
26.9,31.1,19.6,1007,56,0,10.8,4.4,7.2,03-1993,
27.2,34.5,20.4,1005.1,58,0,11.7,7.2,10.7,03-1993,
26.9,32.5,20.7,1003.1,49,0,15.1,9.1,10.7,03-1993,
26.7,32.2,20.4,1007.3,30,0,15.1,7.2,10.7,03-1993,
29.4,38,25,1010.7,51,0,2.6,5.4,10.7,07-2013,
25.5,30,23,1014.5,62,0,2.3,6.7,10.7,07-2013,
26.7,32.2,23.2,1014.8,55,0,1.9,4.4,14.4,07-2013,
27.6,32.4,23,1011.8,60,0,2.4,6.7,14.4,07-2013,
27.5,34.2,22,1011.1,63,0,2.4,7.6,14.4,07-2013,
29.4,35.2,24,1009.1,59,0,2.7,7.2,14.4,07-2013,
27.6,35.9,23,1009.3,68,0,2.6,7.2,14.4,07-2013,
25.3,32.8,21.4,1013.2,74,0,2.6,10.4,21.7,07-2013,
26.4,32.2,23.2,1016,72,0,2.1,7.2,14.4,07-2013,
28.8,35.2,24.2,1014.7,62,0,2.3,8,14.4,07-2013,
27.7,34.4,22.8,1013,63,0,2.4,6.3,18,07-2013,
29.1,34.8,24.6,1010.4,59,0,2.6,6.7,18,07-2013,
29.5,35.4,24,1010.7,57,0,2.6,8.1,14.4,07-2013,
30.7,37.4,23.8,1009.5,50,0,2.6,5,10.7,07-2013,
29.4,38,23.8,1007.4,56,0,2.6,10.7,18,07-2013,
27.7,32.6,23.2,1011.6,63,0,2.1,9.8,18,07-2013,
26.2,33.4,24,1014.3,74,0.76,1.8,9.4,14.4,07-2013,
23.6,29,21.2,1016.7,87,18.54,0.6,9.4,18,07-2013,
26.9,31.2,23,1014.1,72,0,1.8,7.2,10.7,07-2013,
26.8,33,22.2,1011.5,74,0,1.9,6.3,10.7,07-2013,
25.8,31,22.2,1010.8,78,0.51,1.4,3.5,7.2,07-2013,
26.9,34.4,24.2,1010.8,75,0.76,1.1,4.8,7.2,07-2013,
28.8,35.5,24.2,1011.5,65,0,1.9,5.4,7.2,07-2013,
29.3,35.6,23.2,1010.4,60,0,2.3,7.2,18,07-2013,
29.7,36.2,23.2,1011.4,56,0,1.9,6.7,14.4,07-2013,
30.8,37.8,25.4,1012.7,56,0,2.6,5.4,10.7,07-2013,
31.6,39,24.6,1010.4,53,0,2.3,5.9,10.7,07-2013,
30.9,36.6,26.4,1009.4,54,0,2.6,5.4,14.4,07-2013,
30.1,36.5,24,1010.1,55,0,2.4,8.5,14.4,07-2013,
30.7,38,23,1013,51,0,2.6,6.7,14.4,07-2013,
29.6,37,23.8,1013.7,54,0,2.4,9.8,18,07-2013,
-,-,-,-,-,-,-,-,-,02-1998,
-,-,-,-,-,-,-,-,-,02-1998,
18.6,25.1,11.6,1014.1,48,0,14,6.3,10.7,02-1998,
15.9,25.3,8.8,1012.5,59,0,11.7,6.3,7.2,02-1998,
-,-,-,-,-,-,-,-,-,02-1998,
-,-,-,-,-,-,-,-,-,02-1998,
-,-,-,-,-,-,-,-,-,02-1998,
-,-,-,-,-,-,-,-,-,02-1998,
-,-,-,-,-,-,-,-,-,02-1998,
-,-,-,-,-,-,-,-,-,02-1998,
-,-,-,-,-,-,-,-,-,02-1998,
-,-,-,-,-,-,-,-,-,02-1998,
-,-,-,-,-,-,-,-,-,02-1998,
-,-,-,-,-,-,-,-,-,02-1998,
-,-,-,-,-,-,-,-,-,02-1998,
-,-,-,-,-,-,-,-,-,02-1998,
-,-,-,-,-,-,-,-,-,02-1998,
-,-,-,-,-,-,-,-,-,02-1998,
-,-,-,-,-,-,-,-,-,02-1998,
-,-,-,-,-,-,-,-,-,02-1998,
-,-,-,-,-,-,-,-,-,02-1998,
-,-,-,-,-,-,-,-,-,02-1998,
-,-,-,-,-,-,-,-,-,02-1998,
23.1,31.8,13.7,1012.0,54,0,14.5,6.1,14.4,02-1998,
24.4,33.8,16,1002.6,63,0,6,8.1,18,02-1998,
23.7,34.3,15.6,999.5,52,0,10.1,12,25.2,02-1998,
20.6,27.7,12.8,1005.2,65,0,9.8,9.1,21.7,02-1998,
20.1,26.5,12.8,1007.7,67,0,15.8,9.1,28.7,02-1998,
16.9,27.4,11,1014.7,60,0,1.6,3.5,3.5,02-2017,
20.8,32,12,1015.3,56,0,1.6,5.2,10.7,02-2017,
17.2,20.4,15.2,1020.6,82,0,1,5.2,7.2,02-2017,
13.4,15.4,11.6,1022.2,95,0,0.8,5.4,10.7,02-2017,
13.9,15.2,10.6,-,96,0,0.6,4.4,7.2,02-2017,
20,26.6,16.6,1013.1,82,0,0.8,4.4,7.2,02-2017,
25.8,33.4,19.8,1009.2,41,0,1.6,5.4,7.2,02-2017,
24.8,36.3,15.6,1008.3,44,0,2.1,5.4,10.7,02-2017,
23.9,36.5,14.6,1017.1,38,0,2.6,7.2,14.4,02-2017,
19.6,27,14,1020.6,63,0,1.4,5.9,14.4,02-2017,
22.4,30.6,17,1015,66,0,1.3,4.4,7.2,02-2017,
21.9,33.2,15,1013.3,68,0,1.1,4.6,7.2,02-2017,
22.2,26.6,19.4,1013.5,79,0.76,0.6,11.9,21.7,02-2017,
20.3,29.2,15.4,1009.3,72,0,1,7.6,18,02-2017,
14.8,24.6,10,1019.1,53,0,2.1,8.5,14.4,02-2017,
15.1,21.6,10,1019.2,50,0,1.9,7.2,18,02-2017,
18.6,26.4,12.4,1012.7,56,1.02,1.4,5.4,7.2,02-2017,
21.1,30,11.4,1007.2,47,0,1.6,6.3,10.7,02-2017,
22.9,33.6,13.4,1004.7,61,0,1.9,6.1,14.4,02-2017,
23.3,31.8,17.6,1011.1,39,0,2.3,13,21.7,02-2017,
23.7,29.6,19.2,1016.9,29,0,2.6,10.2,25.2,02-2017,
24.1,34.8,16.4,1013.6,27,0,2.1,5,7.2,02-2017,
28.4,36.8,15.2,1005.1,24,0,2.3,4.3,7.2,02-2017,
26.1,38.4,15.2,1002.6,26,0,1.9,8.1,18,02-2017,
20.6,25.4,17,1013.5,54,0,1.6,8.1,18,02-2017,
20.5,26,17.2,1012.7,69,0,1.6,5.7,10.7,02-2017,
27.1,37.4,15.6,1010,45,0,1,7.2,10.7,02-2017,
24.7,34.8,15.6,1009.6,47,0,1.1,8.7,14.4,02-2017,
26.3,31,20.6,1008.3,72,0,1.8,5.9,10.7,06-2016,
26.2,33.8,20.4,1010.1,75,12.7,1.9,4.4,10.7,06-2016,
24.9,34.1,20,1010.8,73,1.02,1.8,4.6,7.2,06-2016,
26.1,30.8,20.8,1009.7,70,0,2.1,5,7.2,06-2016,
23.3,30.4,20,1012,81,28.19,2.1,5.9,10.7,06-2016,
26,30.9,20,1010.3,48,0,2.6,4.1,7.2,06-2016,
27.6,34.2,19,1010.5,44,0,2.9,4.6,7.2,06-2016,
27.8,35.8,20,1010.5,61,0,1.9,6.1,10.7,06-2016,
27.4,32.4,23.4,1010.1,67,0,2.1,6.3,10.7,06-2016,
28.1,31.6,24.4,1010.6,69,0,1.6,5.4,10.7,06-2016,
28.1,32.4,24.6,1011.5,70,0,1.4,8.5,14.4,06-2016,
27.9,33,24.6,1012.8,74,0,1.4,5.4,7.2,06-2016,
29.4,34.6,25.2,1010.9,66,0,1.9,5.7,10.7,06-2016,
30.2,37,24,1007.5,65,0,1.9,6.3,7.2,06-2016,
29.2,34.4,24,1008.3,64,0,1.9,8.1,14.4,06-2016,
30.3,36.8,25,1009.7,61,0,2.1,9.4,14.4,06-2016,
29.6,36.8,24.6,1010,65,0,1.6,8.3,14.4,06-2016,
30.3,35.4,25.4,1011.1,63,0,1.6,8.5,14.4,06-2016,
29.8,35.8,22.6,1013.4,53,0,3.2,7.8,14.4,06-2016,
27.4,31.8,23.4,1017.2,64,-,1.9,7.8,14.4,06-2016,
26.9,31.8,22.6,1018.4,69,0,2.6,11.5,18,06-2016,
26.6,33.8,22,1014.4,68,0,2.1,6.1,10.7,06-2016,
28.9,34,23.4,1012.9,57,0,2.7,9.4,14.4,06-2016,
28.9,33,24,1012.5,58,0,2.3,9.6,14.4,06-2016,
29.3,33.2,24,1011.6,58,0,1.6,12,14.4,06-2016,
29,33.4,24.2,1013,60,0,2.3,13.1,21.7,06-2016,
28.4,33,24,1014.1,64,0,2.1,10.7,14.4,06-2016,
29,33.4,23.8,1014.2,65,-,2.1,6.7,14.4,06-2016,
29.2,36.4,23,1012.3,64,0,2.3,5.9,10.7,06-2016,
29.6,35,24.4,1011.9,58,0,2.3,6.7,14.4,06-2016,
23.3,32.2,16,1013.4,48,0,2.4,6.5,10.7,05-2017,
23.9,33.8,16,1010.1,50,0,2.9,8.5,14.4,05-2017,
26.4,33.8,17,1007.7,65,0,1.9,9.4,21.7,05-2017,
25.7,33,21,1010.8,58,0,1.8,6.7,14.4,05-2017,
22.4,32,18,1016.3,50,0,1.9,5.9,10.7,05-2017,
23.8,32,17,1012.8,50,0,2.6,7.6,14.4,05-2017,
-,-,-,-,-,-,-,-,-,05-2017,
-,-,-,-,-,-,-,-,-,05-2017,
-,-,-,-,-,-,-,-,-,05-2017,
-,-,-,-,-,-,-,-,-,05-2017,
-,-,-,-,-,-,-,-,-,05-2017,
-,-,-,-,-,-,-,-,-,05-2017,
-,-,-,-,-,-,-,-,-,05-2017,
-,-,-,-,-,-,-,-,-,05-2017,
-,-,-,-,-,-,-,-,-,05-2017,
-,-,-,-,-,-,-,-,-,05-2017,
-,-,-,-,-,-,-,-,-,05-2017,
-,-,-,-,-,-,-,-,-,05-2017,
-,-,-,-,-,-,-,-,-,05-2017,
-,-,-,-,-,-,-,-,-,05-2017,
-,-,-,-,-,-,-,-,-,05-2017,
-,-,-,-,-,-,-,-,-,05-2017,
-,-,-,-,-,-,-,-,-,05-2017,
-,-,-,-,-,-,-,-,-,05-2017,
-,-,-,-,-,-,-,-,-,05-2017,
-,-,-,-,-,-,-,-,-,05-2017,
-,-,-,-,-,-,-,-,-,05-2017,
-,-,-,-,-,-,-,-,-,05-2017,
-,-,-,-,-,-,-,-,-,05-2017,
-,-,-,-,-,-,-,-,-,05-2017,
-,-,-,-,-,-,-,-,-,05-2017,
23.9,30,19.6,1012.8,77,5.08,1.6,11.7,18,07-2015,
24.6,28.2,21.8,1013,78,0,1.9,6.7,18,07-2015,
26.2,32.8,19.6,1011.4,76,1.27,1.3,8.7,14.4,07-2015,
29.6,31,27.8,1010.5,61,0,1.9,12.6,18,07-2015,
26.7,32,22.6,1012.2,72,0,1.6,7.2,14.4,07-2015,
27.9,33.6,21.8,1012,70,0,1.3,7.8,14.4,07-2015,
28.4,33.6,21.8,1010.4,66,0,1.3,7.8,14.4,07-2015,
27.9,32.6,23.8,1011.5,65,0,1.1,5.2,7.2,07-2015,
25.8,33.2,21.4,1013,65,0,1.3,7.2,14.4,07-2015,
-,-,-,-,-,-,-,-,-,07-2015,
25.8,29.6,22.2,1015.2,74,0,1.1,10.7,18,07-2015,
-,-,-,-,-,-,-,-,-,07-2015,
28.6,35.6,21.6,1012.3,64,0,1.4,8.7,18,07-2015,
29.1,33.4,23.8,1009.2,63,0,1,7.2,18,07-2015,
28.8,35.8,22,1008.4,64,0,1.8,8.3,14.4,07-2015,
29.3,32.6,22.4,1010.4,64,0,1.6,5.7,10.7,07-2015,
29.9,35,24.4,1010.4,63,0,1.3,7.2,14.4,07-2015,
29,36.4,23.6,1010.4,63,0,1.4,8.1,14.4,07-2015,
29.1,33.4,23.8,1011.6,65,0,1.6,9.1,14.4,07-2015,
29.1,36.6,23,1011.1,64,0,1.4,8.1,18,07-2015,
29.6,33.6,24,1009.4,63,0,1.6,6.5,10.7,07-2015,
29.1,36.4,23,1008,63,0,1.9,5.7,10.7,07-2015,
29.9,35.2,24.2,1010.8,62,0,1.4,8.3,14.4,07-2015,
29.8,37,24,1011.5,64,0,1.4,7.2,14.4,07-2015,
30.6,36.4,25.4,1011,63,0,1.9,6.7,10.7,07-2015,
31.3,38.4,25.2,1008.7,61,0,1.8,6.1,10.7,07-2015,
30.3,39.6,25.2,1007.9,62,0,1.8,6.7,14.4,07-2015,
-,-,-,-,-,-,-,-,-,07-2015,
-,-,-,-,-,-,-,-,-,07-2015,
-,-,-,-,-,-,-,-,-,07-2015,
-,-,-,-,-,-,-,-,-,07-2015,
-,-,-,-,-,-,-,-,-,12-2013,
-,-,-,-,-,-,-,-,-,12-2013,
-,-,-,-,-,-,-,-,-,12-2013,
-,-,-,-,-,-,-,-,-,12-2013,
-,-,-,-,-,-,-,-,-,12-2013,
-,-,-,-,-,-,-,-,-,12-2013,
-,-,-,-,-,-,-,-,-,12-2013,
5.4,10.2,3,1021.8,91,0,0.6,-,-,12-2013,
-,-,-,-,-,-,-,-,-,12-2013,
-,-,-,-,-,-,-,-,-,12-2013,
-,-,-,-,-,-,-,-,-,12-2013,
-,-,-,-,-,-,-,-,-,12-2013,
11.5,16.6,8.4,1022.4,83,0,0.5,5.4,10.7,12-2013,
-,-,-,-,-,-,-,-,-,12-2013,
-,-,-,-,-,-,-,-,-,12-2013,
-,-,-,-,-,-,-,-,-,12-2013,
-,-,-,-,-,-,-,-,-,12-2013,
-,-,-,-,-,-,-,-,-,12-2013,
-,-,-,-,-,-,-,-,-,12-2013,
-,-,-,-,-,-,-,-,-,12-2013,
-,-,-,-,-,-,-,-,-,12-2013,
-,-,-,-,-,-,-,-,-,12-2013,
-,-,-,-,-,-,-,-,-,12-2013,
-,-,-,-,-,-,-,-,-,12-2013,
-,-,-,-,-,-,-,-,-,12-2013,
10.2,14,8.4,1026.8,86,0,1,3.5,3.5,12-2013,
8.5,9.4,7.8,1028,95,17.02,0.3,3.5,3.5,12-2013,
9.2,9.8,8.6,1025.7,97,9.4,0.3,-,-,12-2013,
11.4,17.6,8,1017.6,89,0,0.5,5.4,7.2,12-2013,
-,-,-,-,-,-,-,-,-,12-2013,
7.9,8.6,7.2,1028.2,95,27.94,0.5,-,-,12-2013,
23.2,31.4,18,1010.9,73,0,1.9,8.5,14.4,05-2016,
29.3,36,20,1004.7,48,0,3.1,4.3,7.2,05-2016,
19.1,23.2,16.8,1016.7,67,1.27,2.6,4.8,10.7,05-2016,
21.8,30.6,18.4,1016.9,66,0,1.9,5.9,10.7,05-2016,
24.8,32.4,17.6,1015,53,0,2.9,5.9,10.7,05-2016,
25.6,34.4,19,1013.3,47,0,2.7,6.7,10.7,05-2016,
24,34.6,18.6,1008.9,54,0,2.7,6.7,10.7,05-2016,
24,30.3,18.6,1008.8,69,0,1.9,4.4,7.2,05-2016,
25.2,31.3,19.6,1007.8,72,3.3,1.9,6.7,10.7,05-2016,
27.9,37.2,22.2,1006.4,63,1.02,1.8,4.6,10.7,05-2016,
27.8,38.4,21.4,1010.4,64,0,1.4,5.7,7.2,05-2016,
27.7,34.6,23,1012.1,72,0,1.3,7.2,14.4,05-2016,
25.9,34,23.2,1016.9,75,0,1.3,6.7,14.4,05-2016,
26,32.8,21,1014.5,71,1.02,1.6,5.4,10.7,05-2016,
23.1,34.4,20.4,1013.3,79,0,1.4,5.9,10.7,05-2016,
26.7,33.8,20.2,1009.1,66,12.95,2.1,5.9,7.2,05-2016,
28.6,36.5,18.6,1007.6,63,0,2.1,5,7.2,05-2016,
23.9,28,21.2,1010.4,83,7.87,1.8,10.7,21.7,05-2016,
24.7,29.8,20.2,1009.7,80,4.06,1.3,7.2,14.4,05-2016,
23.1,32,21,1011.3,82,0,1.1,6.1,10.7,05-2016,
24.6,29.2,22.2,1012.3,83,0.51,1.4,5.9,10.7,05-2016,
27.9,32.2,24.4,1009.7,79,0,1.1,9.1,14.4,05-2016,
28.6,33.6,24.4,1007.5,73,0.51,1.4,6.3,14.4,05-2016,
27.9,35,23.6,1007.9,77,1.78,1.4,7.2,10.7,05-2016,
28.1,35.4,23.6,1010.9,79,0,1.3,6.7,14.4,05-2016,
26.5,33.6,23.2,1011.7,73,5.08,1.4,5,10.7,05-2016,
27.8,38.4,22.6,1004.8,60,0,1.8,4.3,7.2,05-2016,
26.7,38.4,22.2,1007.1,70,2.03,2.4,4.6,7.2,05-2016,
26.4,33.8,22.2,1011.5,71,0,1.4,15.4,75.6,05-2016,
26.1,33.2,22.2,1012.6,72,0,1.6,4.6,10.7,05-2016,
26.9,33.6,23,1009,73,3.05,1.9,4.4,10.7,05-2016,
25.9,35.4,17.4,1011.9,40,0,1.3,9.6,18,03-2017,
19.6,31.2,13,1021.1,38,0,1.9,7.2,10.7,03-2017,
16.2,23.6,13,1027.7,44,0,2.1,10.4,14.4,03-2017,
14.8,20.6,13.4,1025.1,80,0,1.3,7.2,18,03-2017,
17.4,24.4,15.6,1019.6,85,20.57,0.8,5,7.2,03-2017,
21.9,30,16.2,1012.1,72,0,1.1,5.9,10.7,03-2017,
23.9,32,15.4,1011.6,69,0,1.1,5.9,10.7,03-2017,
21.7,31.1,18.4,1018.5,84,0,1.1,5.7,7.2,03-2017,
22,26.6,19,1018,82,17.53,1,6.5,10.7,03-2017,
22.3,27.6,18.2,1016.2,73,0,1.3,5,10.7,03-2017,
21.2,29.6,17.8,1015.1,77,9.91,1.3,4.8,7.2,03-2017,
19.9,22.6,17.4,1016.4,84,0,1.4,4.1,7.2,03-2017,
18.8,26.2,14.4,1016.6,81,12.95,1.1,8.1,14.4,03-2017,
17.3,28,14.4,1021.8,80,0,1.3,5.9,10.7,03-2017,
16.9,22,13.8,1020.2,83,0,1.4,4.4,7.2,03-2017,
21.1,26.4,18.2,1019.6,76,0,1,6.3,10.7,03-2017,
21.2,29.2,17.4,1017.1,76,0,1.4,5.4,10.7,03-2017,
22.6,29.4,17.4,1019.5,72,0,1.4,5.9,10.7,03-2017,
22.3,30.2,18.4,1020.5,71,0,1.3,5.9,10.7,03-2017,
24.7,29.8,17.6,1018.5,-,0,1.4,6.3,7.2,03-2017,
24.9,31.2,19.8,1015.6,61,0,1.6,5.4,10.7,03-2017,
23.7,32.4,17.4,1014.1,68,0,1.4,7.8,14.4,03-2017,
22.9,30.8,18,1013.5,69,0,1.4,10.4,21.7,03-2017,
24.2,30.8,19.2,1009.2,67,0.51,1.8,7.2,10.7,03-2017,
26.1,33.4,20.6,1013,53,0,1.4,5.4,10.7,03-2017,
26.7,34.8,19.8,1007,50,0,1.9,8.7,14.4,03-2017,
29.6,34.6,19.8,1006.8,48,0,1.4,7.2,14.4,03-2017,
26.3,34.7,20,1004.1,67,0,1.1,8.3,21.7,03-2017,
25.8,34.3,20,1003.4,50,0,2.1,9.8,21.7,03-2017,
23.9,33,18.4,1010.1,38,0,1.9,7.2,21.7,03-2017,
23.1,31.2,16,1007.5,49,0,2.7,6.1,10.7,03-2017,
21.7,28.6,16.2,1012.6,67,1.27,2.6,3.5,3.5,11-2015,
24.1,29.6,15.6,1014.1,54,1.02,3.7,6.5,18,11-2015,
23.7,31.2,16.4,1012,61,0,1.8,5.4,14.4,11-2015,
24.4,28.9,21,1012.2,72,0,1,5.4,10.7,11-2015,
26.5,30,19.6,1012,75,0,1,4.3,7.2,11-2015,
26.3,30.8,22.6,1012.9,75,0,1,4.8,10.7,11-2015,
23.1,29.6,20.8,1012.9,84,0.25,0.8,5.9,10.7,11-2015,
16.3,22,14,1020.8,87,3.05,0.8,5.4,10.7,11-2015,
16.8,19.8,15,1019,88,0,1,5.4,7.2,11-2015,
19,24,16.8,1016.7,84,0,1,5,7.2,11-2015,
22.9,31.2,18.8,1011.2,78,0,1,4.6,72,11-2015,
23.4,28.2,20.4,1015,53,0,2.4,8.1,18,11-2015,
18.1,21.6,16.8,1021,57,0,1.4,6.3,10.7,11-2015,
15.2,18.6,14,1023.2,96,6.6,0.6,5,10.7,11-2015,
16.9,18.4,14,1020.5,97,6.86,0.5,4.4,7.2,11-2015,
20.6,24.8,18.2,1012.8,90,6.1,0.8,4.4,7.2,11-2015,
22.6,23.6,21.4,1003.2,74,0,1,4.3,7.2,11-2015,
18.9,26.8,14,1009.9,69,0,1.3,6.7,10.7,11-2015,
18.1,26.8,13.4,1014,67,0,1.4,4.1,7.2,11-2015,
20.7,27.2,12.4,1016.1,79,0,1.1,5.4,7.2,11-2015,
20.9,22.6,19.3,1013.2,80,0,1.1,6.3,10.7,11-2015,
14,24,9.8,1023.6,48,0,2.6,6.7,10.7,11-2015,
13.1,18.8,9,1022.9,57,0,2.6,7.8,18,11-2015,
16.7,23,13,1018.9,67,0,1.6,8.1,14.4,11-2015,
19.4,24,17,1014.5,78,0,1.1,4.1,7.2,11-2015,
23.4,27,21.1,1014.1,68,0,1.8,5.4,10.7,11-2015,
22.6,26.4,20.4,1014.4,81,0,1.1,4.6,10.7,11-2015,
16.3,24,10,1016.7,92,4.57,0.6,4.4,10.7,11-2015,
10.6,13.6,9.2,1020.5,94,6.1,0.6,3.5,3.5,11-2015,
12.6,17,10.6,1016.6,89,0,0.5,3.5,3.5,11-2015,
29.6,38.9,24,1014,59,0,1.9,7.2,10.7,08-2016,
29.7,37.8,22,1011.4,54,0,2.1,9.3,18,08-2016,
29.2,38.4,24,1012.8,61,0,2.4,13.9,35.9,08-2016,
29.7,35.4,25.2,1010.5,58,0,2.3,8.1,14.4,08-2016,
31.9,38.6,24,1010.5,50,0,1.8,13.7,21.7,08-2016,
30.1,34.8,25,1011,59,0,2.3,7.2,10.7,08-2016,
28.9,34.6,25,1010.5,66,0,2.6,8.7,14.4,08-2016,
29.9,35.4,25.2,1008.5,62,0,2.6,7.6,10.7,08-2016,
30,35.2,25.2,1010.1,65,-,1.8,7.8,14.4,08-2016,
31.3,35.4,26.1,1008,55,0,1.9,9.4,14.4,08-2016,
29.9,32.4,25.8,1011.2,66,0,1.6,7.2,10.7,08-2016,
33.1,39.4,24.8,1007.5,50,0,1.6,7.2,14.4,08-2016,
-,-,-,-,-,-,-,-,-,08-2016,
26.8,27.8,25.8,1009.8,80,0,1,5.4,10.7,08-2016,
24.2,27.8,22.6,1012.5,91,59.94,1,3.5,3.5,08-2016,
25.7,29,23.2,1013.1,83,17.53,1.3,4.4,7.2,08-2016,
25.4,32.4,22.6,1013.8,82,22.1,1.8,7.2,14.4,08-2016,
28.4,33.6,23.6,1010.5,67,0,1.9,7.8,10.7,08-2016,
27,31.8,23,1012.9,71,0,2.3,7.2,10.7,08-2016,
28.3,33.4,25,1007.6,70,-,1.6,6.7,14.4,08-2016,
24.9,35.6,21.6,1010.1,85,23.62,1.3,5.9,18,08-2016,
24.6,32,21.6,1013.5,82,2.54,1.4,5,7.2,08-2016,
27.4,36.2,21,1015,64,0,2.4,6.7,14.4,08-2016,
27,35.4,21,1014.9,62,0,2.1,5,10.7,08-2016,
27.9,35.2,22,1012.3,63,0,1.6,6.3,10.7,08-2016,
27.6,36,21.6,1013.1,60,0,1.8,6.7,14.4,08-2016,
27.4,32.4,23.6,1011.7,70,0,1.8,5.9,10.7,08-2016,
27.8,34.6,23,1012.1,66,0,1.9,6.3,10.7,08-2016,
26.4,35.8,23,1011.9,76,7.37,1.9,4.1,7.2,08-2016,
26.2,32.2,24,1012.2,79,17.02,1.6,4.6,10.7,08-2016,
26.5,32.2,22.8,1012.1,74,0.76,2.3,5.4,7.2,08-2016,
29.2,35.8,23.4,1006,63,0,1.6,7.6,10.7,06-2013,
29.4,35.8,22.8,1010.4,54,0,4.3,9.6,18,06-2013,
29.8,36.8,23.6,1008.8,55,0,3.1,9.1,18,06-2013,
29.5,37.4,23.4,1008.6,64,0,1.9,10.4,21.7,06-2013,
28.8,38.4,22.8,1007.7,52,0,1.8,4.3,7.2,06-2013,
29.8,38.7,22.8,1006.7,52,0,2.7,8.1,14.4,06-2013,
30.3,37.1,22.8,1008.8,51,0,2.7,9.8,18,06-2013,
25.4,31.6,22.4,1011.2,67,0,2.3,8,18,06-2013,
26.9,32,22,1008.4,67,0.25,2.3,10.2,21.7,06-2013,
27.7,37.8,20,1011,60,0,3.2,11.3,21.7,06-2013,
25.7,34.8,18.8,1012.6,73,80.26,1.4,9.4,21.7,06-2013,
26.3,31.6,23,1012.7,76,0,1.3,8.5,18,06-2013,
25.7,28.6,22.6,1013.5,75,0,1.1,5.9,10.7,06-2013,
26.4,32.4,24,1010.7,78,4.32,1.6,9.3,21.7,06-2013,
27.7,34.2,23,1009.9,69,0.51,1.6,7.6,14.4,06-2013,
28.1,30.8,24.4,1010.6,69,0,1.1,6.5,10.7,06-2013,
30.4,34.6,24.4,1010.6,59,0,1.3,7.8,18,06-2013,
29.1,35.4,23.8,1010.4,58,0,2.1,12.6,25.2,06-2013,
28.4,36,24,1010.1,65,0,1.8,9.3,21.7,06-2013,
28.2,33.6,23.4,1012.8,59,0,3.1,14.8,21.7,06-2013,
28.6,35.4,23.4,1011.5,59,0,2.7,12.2,21.7,06-2013,
27.5,34.2,23,1012.5,61,0,3.1,10.7,18,06-2013,
29.2,33,24.6,1009.9,58,0,1.9,15.7,21.7,06-2013,
30.2,34.6,24.6,1010.2,55,0,1.6,10.2,21.7,06-2013,
28.8,36.2,24.6,1010.9,59,0,1.3,9.8,18,06-2013,
30.4,36.8,25,1009.6,57,0,1.9,8.5,14.4,06-2013,
29.7,36,24.2,1010.8,59,0,1.9,10.4,21.7,06-2013,
29.5,37.2,24.8,1011.4,59,0,2.1,9.3,18,06-2013,
31.9,38.6,25.4,1009.2,43,0,2.9,6.3,10.7,06-2013,
32.6,38.4,26,1008.7,40,0,3.5,8.3,18,06-2013,
14.8,18.6,13.4,1015.9,86,0,0.6,3.5,3.5,12-2015,
15.2,19,13,1017.2,83,0,1,4.1,7.2,12-2015,
15.1,21.6,10.6,1025,64,0,1.6,4.1,7.2,12-2015,
14.1,22,8,1027.1,65,0,2.4,6.1,14.4,12-2015,
14.2,20,8,1026,66,0,2.4,7.2,10.7,12-2015,
16.1,20.2,9.4,1027.5,77,0,1.3,3.5,3.5,12-2015,
16.7,20.6,13.4,1026.3,77,0,1.1,4.1,7.2,12-2015,
17.8,23.2,12.2,1018.9,72,0,1.4,4.1,7.2,12-2015,
19.6,29.2,11.8,1014.7,64,0,1.3,4.1,7.2,12-2015,
18.6,31.2,13,1012.5,63,0,1.9,3.5,3.5,12-2015,
21.3,33.6,14.2,1008.3,49,0,2.6,4.4,7.2,12-2015,
-,-,-,-,-,-,-,-,-,12-2015,
-,-,-,-,-,-,-,-,-,12-2015,
-,-,-,-,-,-,-,-,-,12-2015,
-,-,-,-,-,-,-,-,-,12-2015,
-,-,-,-,-,-,-,-,-,12-2015,
14.1,23.6,13,1015.3,45,0,1.8,3.5,3.5,12-2015,
-,-,-,-,-,-,-,-,-,12-2015,
-,-,-,-,-,-,-,-,-,12-2015,
-,-,-,-,-,-,-,-,-,12-2015,
-,-,-,-,-,-,-,-,-,12-2015,
-,-,-,-,-,-,-,-,-,12-2015,
-,-,-,-,-,-,-,-,-,12-2015,
-,-,-,-,-,-,-,-,-,12-2015,
25.6,34.6,15,1010,44,0,2.3,7.2,10.7,12-2015,
19.6,27.4,14,1001.1,63,0,1.1,7.8,10.7,12-2015,
22.4,30,15.6,1005.4,65,0,1.8,11.7,35.9,12-2015,
11.7,13.6,10.2,1011.8,44,0,1.4,18.7,39.6,12-2015,
-,-,-,-,-,-,-,-,-,12-2015,
-,-,-,-,-,-,-,-,-,12-2015,
-,-,-,-,-,-,-,-,-,12-2015,
29.3,35.2,26,1012.5,58,0,2.6,4.8,7.2,08-2015,
30.3,35,24.6,1010.3,51,0,3.1,5.4,10.7,08-2015,
31.9,35,27.1,1008.9,51,0,2.4,7.2,10.7,08-2015,
29.8,37.6,23.6,1008.9,57,0,2.3,11.3,18,08-2015,
30.2,35.4,25.2,1010.5,59,0,2.3,8.5,14.4,08-2015,
30.2,35.4,25,1009.8,62,0,1.8,8.7,14.4,08-2015,
31.2,39,24.2,1008.1,54,0,2.3,8.1,10.7,08-2015,
30.1,36.4,24.2,1010.2,60,0,1.4,5.4,7.2,08-2015,
31.3,39,24.2,1008.5,58,0,2.3,9.6,18,08-2015,
30.6,35.6,25.8,1009.8,64,0,2.1,10.4,21.7,08-2015,
30.4,35.2,25,1011.5,57,0,2.6,9.6,18,08-2015,
28.4,34,25,1014.9,64,0,1.9,5.9,10.7,08-2015,
28.5,37.8,24,1014.6,60,0,2.3,-,-,08-2015,
27.6,29.6,25.8,1012.8,65,0,1.3,-,-,08-2015,
28.9,39,24,1011.8,60,0,1.8,8.3,14.4,08-2015,
29.7,39,23,1011.6,56,0,1.8,4.8,10.7,08-2015,
30.6,37.5,23.2,1010.4,51,0,2.6,6.7,14.4,08-2015,
29,37,23.2,1008.6,58,0,1.4,6.3,10.7,08-2015,
30.3,37.6,24.2,1005.1,57,0,1.8,5.7,10.7,08-2015,
27.9,40.2,23.8,1007.4,63,8.64,1.1,5.4,10.7,08-2015,
25.2,34,21.8,1011.5,74,0,1.1,4.1,7.2,08-2015,
27.8,35,21.8,1010.1,69,0,1.4,6.7,10.7,08-2015,
27.9,35.6,23.4,1011.3,67,0,1.1,5.4,10.7,08-2015,
28.4,34.4,23.6,1013.3,65,0,2.4,9.8,18,08-2015,
28.8,37,23.6,1014,68,1.27,2.3,7.2,18,08-2015,
28.4,36.4,23.2,1014.7,67,0.25,2.6,8.5,10.7,08-2015,
28.9,36,23,1014.9,57,0,2.1,8.7,18,08-2015,
28.1,36,22,1013.3,52,0,1.9,8.5,18,08-2015,
28.8,36,21.7,1012.9,53,0,2.6,9.6,18,08-2015,
29.3,36,21.7,1012.2,55,0,3.1,9.6,21.7,08-2015,
28.2,36,23,1011.7,64,0,2.3,7.2,10.7,08-2015,
17.1,23,13.2,1023.9,33,0,2.7,6.5,10.7,03-2013,
16.3,25.2,11,1025.2,28,0,2.3,4.6,10.7,03-2013,
17.3,26,10,1022.9,33,0,2.3,3.5,10.7,03-2013,
21.2,34,12.6,1012.5,33,0,3.7,5.7,10.7,03-2013,
22.7,36,11.8,1012.3,27,0,3.1,5.9,10.7,03-2013,
16.2,26.2,12.8,1025.5,35,0,2.6,8.5,18,03-2013,
16.8,23.4,12.4,1020,44,0,3.4,8.7,21.7,03-2013,
19.8,25,10.8,1015.5,71,0,1.9,7.8,14.4,03-2013,
22.8,32.4,18.4,1010.6,68,0,1.1,5.7,18,03-2013,
24.1,33.4,17.8,1006.3,32,0,2.3,9.3,21.7,03-2013,
18.9,26.3,11.6,1017.4,25,0,2.9,4.3,7.2,03-2013,
19,25.8,14,1017.9,30,0,2.6,7.2,18,03-2013,
19.9,27.6,12.8,1022.1,41,0,2.3,5.4,10.7,03-2013,
19.1,27.4,12.8,1023.9,51,0,3.1,9.1,18,03-2013,
19.4,27.2,13,1020.4,57,0,1.8,7.6,25.2,03-2013,
21.7,31,15,1011.9,48,0,1.9,4.1,14.4,03-2013,
25.4,36.4,17.2,1005.5,33,0,2.9,5.9,10.7,03-2013,
27.3,37.8,20,1008.7,29,0,2.7,4.4,10.7,03-2013,
28.3,38.4,16.8,1005.5,23,0,2.6,6.3,10.7,03-2013,
23.3,32.4,17.4,1011.6,66,0,1.4,8.1,14.4,03-2013,
16.8,22.4,14.9,1013.7,94,13.72,0.5,7.8,14.4,03-2013,
22.7,33.8,17.2,1003.1,71,0,2.1,5,18,03-2013,
28.2,37,20.4,1001.4,34,0,2.9,12.6,21.7,03-2013,
23.9,38.1,17.8,1008,29,0,2.9,5,10.7,03-2013,
14.8,24.4,10.2,1019.2,39,0,2.7,13,21.7,03-2013,
11.6,17.9,7.8,1026.2,73,0,1.8,13.5,21.7,03-2013,
13.6,19.2,12.2,1022.4,79,1.78,1.8,7.8,10.7,03-2013,
17.3,20.8,11.2,1018.9,85,0,1.8,9.8,14.4,03-2013,
19.9,25,17.2,1017.9,78,0,1.6,9.6,14.4,03-2013,
22.3,28.6,18.6,1015.1,72,0,1.8,5.9,14.4,03-2013,
24.8,33.2,18.4,1010.7,65,0,1.9,4.4,10.7,03-2013,
21.4,29,16,1014.9,72,0,2.3,6.3,14.4,05-2015,
20.9,25,17,1012.6,82,0,1.3,6.7,10.7,05-2015,
22.4,25.4,18.4,1011.4,86,0,1.6,6.7,10.7,05-2015,
21.2,27.6,15.2,1014.5,64,0,2.9,5,7.2,05-2015,
22.1,27.6,20.2,1010.2,91,7.87,0.6,10.4,21.7,05-2015,
24.4,29.4,21.6,1008.6,80,0.25,1.8,6.3,10.7,05-2015,
26.3,32,22.6,1007.1,77,0,1,7.2,10.7,05-2015,
27.1,33.2,22,1006.7,79,0,1.3,7.2,10.7,05-2015,
25.7,35.4,20.2,1006.8,70,0.51,1.3,5.4,14.4,05-2015,
25.7,35.9,20.4,1004.8,76,12.19,1.1,5,10.7,05-2015,
26.7,31.6,20.4,1007.7,77,12.19,1,5.2,10.7,05-2015,
23.7,30.7,19.6,1013.7,82,0,1.4,8.1,14.4,05-2015,
24.1,29.4,21.6,1014,79,11.43,1.6,8.1,14.4,05-2015,
24.7,30.2,21,1013.3,78,0,1.3,7.6,14.4,05-2015,
25.7,31.8,22.4,1010.9,76,0.25,1.1,5.4,7.2,05-2015,
26.2,33,20.4,1007.6,74,0.25,1.3,8.1,14.4,05-2015,
28.6,33.9,20.4,1007.7,73,0,1.8,5.9,14.4,05-2015,
25.7,35.6,22.6,1012.7,82,3.05,1.3,3.5,3.5,05-2015,
25.6,31,23,1011.6,85,2.79,1,7.6,14.4,05-2015,
26.3,31,22.8,1009.2,78,0.25,1.4,6.7,14.4,05-2015,
25,33,22.8,1012.2,83,0,1.3,6.3,10.7,05-2015,
23.7,29.6,21.2,1014.5,81,1.52,1.4,7.6,18,05-2015,
25.6,30.2,22.4,1013.5,79,0,1.6,7.2,14.4,05-2015,
23.9,32.6,19,1010.6,81,0,1.8,10.7,25.2,05-2015,
26.8,32.6,19,1007.4,71,0.76,1.9,5.7,14.4,05-2015,
27.1,33.7,21,1008.3,79,0,1.6,7.6,14.4,05-2015,
26.8,32,24,1011.4,80,0.76,1,8.1,10.7,05-2015,
26.3,31,22.6,1012.5,78,0,1.1,11.5,18,05-2015,
26.2,32.4,22.6,1012,77,0,1.8,6.7,10.7,05-2015,
26.7,32.4,22.6,1012,75,0,1.6,9.8,18,05-2015,
22.9,32.8,20,1016.2,72,1.02,1.6,7.6,21.7,05-2015,
-,-,-,-,-,-,-,-,-,09-2013,
-,-,-,-,-,-,-,-,-,09-2013,
27.9,32,23.6,1011.5,61,0,2.6,-,-,09-2013,
25.2,31.2,22.2,1013.9,79,15.75,1.4,6.3,14.4,09-2013,
-,-,-,-,-,-,-,-,-,09-2013,
-,-,-,-,-,-,-,-,-,09-2013,
-,-,-,-,-,-,-,-,-,09-2013,
25.8,32.6,20.2,1011.6,75,3.05,1.8,4.4,7.2,09-2013,
-,-,-,-,-,-,-,-,-,09-2013,
-,-,-,-,-,-,-,-,-,09-2013,
-,-,-,-,-,-,-,-,-,09-2013,
-,-,-,-,-,-,-,-,-,09-2013,
-,-,-,-,-,-,-,-,-,09-2013,
-,-,-,-,-,-,-,-,-,09-2013,
-,-,-,-,-,-,-,-,-,09-2013,
-,-,-,-,-,-,-,-,-,09-2013,
-,-,-,-,-,-,-,-,-,09-2013,
-,-,-,-,-,-,-,-,-,09-2013,
-,-,-,-,-,-,-,-,-,09-2013,
-,-,-,-,-,-,-,-,-,09-2013,
-,-,-,-,-,-,-,-,-,09-2013,
23.2,27.3,20.8,1010.5,75,0,1.3,-,-,09-2013,
-,-,-,-,-,-,-,-,-,09-2013,
-,-,-,-,-,-,-,-,-,09-2013,
-,-,-,-,-,-,-,-,-,09-2013,
-,-,-,-,-,-,-,-,-,09-2013,
-,-,-,-,-,-,-,-,-,09-2013,
-,-,-,-,-,-,-,-,-,09-2013,
-,-,-,-,-,-,-,-,-,09-2013,
-,-,-,-,-,-,-,-,-,09-2013,
-,-,-,-,-,-,-,-,-,01-2013,
6.5,10.6,5.6,1026,92,5.08,0.5,5.4,10.7,01-2013,
-,-,-,-,-,-,-,-,-,01-2013,
5.1,5.8,4.4,1029.2,93,0.76,0.3,6.5,10.7,01-2013,
7.4,14.4,4.4,1028.1,85,3.05,0.3,4.3,7.2,01-2013,
11.9,17.6,8.2,1026.1,72,3.56,1.3,4.8,10.7,01-2013,
12.2,19,6.8,1023.1,62,0,1.8,5,10.7,01-2013,
14,16.4,12.2,1013.5,70,0,1.1,5.4,10.7,01-2013,
15.9,21.2,11.4,1011.5,66,3.05,1.6,4.8,7.2,01-2013,
16.6,23.8,10,1017.1,52,0,2.3,4.6,10.7,01-2013,
17.1,25.2,9.4,1014.1,63,0,1.6,4.1,10.7,01-2013,
19.1,26.8,14.6,1007.5,56,0,1.6,4.1,7.2,01-2013,
16.4,29,11.8,1011.3,53,0,2.3,6.7,10.7,01-2013,
11.5,15.8,7,1018.2,46,0,2.1,6.7,10.7,01-2013,
9.9,16.8,6.8,1017.4,62,0,1.8,6.3,21.7,01-2013,
9.3,17,5.9,1025.2,47,0,1.6,10.7,21.7,01-2013,
11.8,19,5.6,1029.2,35,0,2.9,4.1,7.2,01-2013,
13.2,21.2,4.4,1030.1,46,0,1.9,5.7,14.4,01-2013,
13.5,19.8,8,1024.3,51,0,1.3,3.1,7.2,01-2013,
17.4,25.2,9.4,1018.9,61,0,1.3,5.4,18,01-2013,
16,23.4,10.6,1021.6,53,0,1.3,3.5,7.2,01-2013,
17.6,24.4,12,1020.7,78,0.51,1.1,8.1,18,01-2013,
18.3,23.6,15.4,1023.4,78,0,1,5,10.7,01-2013,
20.3,28.2,14.2,1022.4,65,0,1.8,3.5,10.7,01-2013,
21.7,29.8,15.3,1018.2,58,0,1.6,5,10.7,01-2013,
21.5,31,14.2,1015.9,63,0,1.4,4.4,10.7,01-2013,
20.4,28.1,14.4,1014.4,57,0,1.4,6.3,18,01-2013,
21.1,28.2,16.4,1012.9,65,0,1.4,4.6,10.7,01-2013,
25.4,31.6,20,1007.7,52,0,1.9,9.4,18,01-2013,
20.1,33.2,12,1011.4,30,0,1.9,5,10.7,01-2013,
15.3,23,11,1022.9,32,0,2.6,8.5,21.7,01-2013,
-,-,-,-,-,-,-,-,-,03-1997,
-,-,-,-,-,-,-,-,-,03-1997,
-,-,-,-,-,-,-,-,-,03-1997,
-,-,-,-,-,-,-,-,-,03-1997,
-,-,-,-,-,-,-,-,-,03-1997,
-,-,-,-,-,-,-,-,-,03-1997,
16.4,19,12.8,1025.2,63,0,13.8,9.4,14.4,03-1997,
-,-,-,-,-,-,-,-,-,03-1997,
-,-,-,-,-,-,-,-,-,03-1997,
-,-,-,-,-,-,-,-,-,03-1997,
19.1,26.4,13.2,1014.2,90,32.51,7.2,6.3,14.4,03-1997,
-,-,-,-,-,-,-,-,-,03-1997,
-,-,-,-,-,-,-,-,-,03-1997,
-,-,-,-,-,-,-,-,-,03-1997,
-,-,-,-,-,-,-,-,-,03-1997,
-,-,-,-,-,-,-,-,-,03-1997,
-,-,-,-,-,-,-,-,-,03-1997,
18.3,26,14.8,1021.2,84,19.81,8.4,8.3,21.7,03-1997,
-,-,-,-,-,-,-,-,-,03-1997,
-,-,-,-,-,-,-,-,-,03-1997,
-,-,-,-,-,-,-,-,-,03-1997,
-,-,-,-,-,-,-,-,-,03-1997,
-,-,-,-,-,-,-,-,-,03-1997,
-,-,-,-,-,-,-,-,-,03-1997,
-,-,-,-,-,-,-,-,-,03-1997,
-,-,-,-,-,-,-,-,-,03-1997,
-,-,-,-,-,-,-,-,-,03-1997,
-,-,-,-,-,-,-,-,-,03-1997,
-,-,-,-,-,-,-,-,-,03-1997,
26.6,33.5,18.2,1011.5,54,0,16.7,6.3,14.4,03-1997,
-,-,-,-,-,-,-,-,-,03-1997,
25.2,29.6,23,1010.7,81,0,0.8,-,-,10-2013,
25.2,32,22,1010,77,0,1.4,5.4,7.2,10-2013,
-,-,-,-,-,-,-,-,-,10-2013,
27.4,29.4,24.2,-,71,0,1.6,6.3,7.2,10-2013,
-,-,-,-,-,-,-,-,-,10-2013,
23.8,29.6,20.4,1014.6,64,0,1.4,7.2,10.7,10-2013,
-,-,-,-,-,-,-,-,-,10-2013,
-,-,-,-,-,-,-,-,-,10-2013,
18.8,20.6,16.8,1013.9,68,0,1.6,-,-,10-2013,
-,-,-,-,-,-,-,-,-,10-2013,
-,-,-,-,-,-,-,-,-,10-2013,
25.9,27.6,23.6,1010.3,76,0,0.8,13.5,35.9,10-2013,
-,-,-,-,-,-,-,-,-,10-2013,
-,-,-,-,-,-,-,-,-,10-2013,
25.3,28,22.6,1011.5,81,0,0.8,9.1,10.7,10-2013,
-,-,-,-,-,-,-,-,-,10-2013,
24.3,30.4,21.6,1012.2,80,0,1,7.2,10.7,10-2013,
-,-,-,-,-,-,-,-,-,10-2013,
-,-,-,-,-,-,-,-,-,10-2013,
-,-,-,-,-,-,-,-,-,10-2013,
20.8,26.1,17.6,1012.8,80,0,0.6,-,-,10-2013,
22.1,25,18.6,1016.2,70,0,1.4,6.3,10.7,10-2013,
-,-,-,-,-,-,-,-,-,10-2013,
-,-,-,-,-,-,-,-,-,10-2013,
-,-,-,-,-,-,-,-,-,10-2013,
-,-,-,-,-,-,-,-,-,10-2013,
-,-,-,-,-,-,-,-,-,10-2013,
22,24.6,20.4,1015.1,87,0,0.6,-,-,10-2013,
24.1,26,21.6,1013.7,79,0,1.6,8.1,14.4,10-2013,
-,-,-,-,-,-,-,-,-,10-2013,
25.4,28.2,23,1009.5,73,0,1.8,3.5,3.5,10-2013,
25.6,33.6,20.4,1012.5,53,0,2.1,11.5,21.7,03-2016,
23.3,35.4,18,1016.6,63,2.03,1.1,7.2,14.4,03-2016,
24.7,36,18.4,1012.1,52,0,1.4,5.4,14.4,03-2016,
24.9,38,18,1015.9,51,0,1.6,8.5,14.4,03-2016,
21.1,28.6,17.8,1015.4,75,0,1,5.2,7.2,03-2016,
21.6,25.6,17.8,1015.5,76,0,1,8.1,18,03-2016,
22.7,29.2,19.4,1007.5,73,0,1,5.9,10.7,03-2016,
24.6,33.2,19,1002.2,58,0,1,6.3,14.4,03-2016,
21.3,29.2,16.6,1000.6,56,0,1.3,8.1,21.7,03-2016,
14.6,16.6,12,1009,71,15.49,1.4,8.5,18,03-2016,
15.2,21.4,11.6,1012.5,66,9.65,2.4,9.8,14.4,03-2016,
18.7,27.6,13.6,1013.8,60,0,2.3,4.1,7.2,03-2016,
24.3,33.4,16,1009.1,39,0,3.1,7.2,14.4,03-2016,
25.5,35.4,15,1010.2,32,0,1.9,4.6,10.7,03-2016,
29.2,37,17,1006.7,28,0,2.7,6.5,10.7,03-2016,
25.4,37.6,20,1009.1,52,0,2.3,5.4,10.7,03-2016,
24.2,31.2,21,1008.6,75,0,1,5.9,14.4,03-2016,
25.2,32.6,20,1005.3,68,0,1,3.5,3.5,03-2016,
20,30,13.4,1012.1,68,0,1.4,9.8,21.7,03-2016,
12.9,18.6,10.4,1025.5,60,0,1.9,5.9,10.7,03-2016,
15.3,20.4,11.2,1027.4,55,0,2.7,7.2,14.4,03-2016,
17.5,29,11.4,1019.4,56,0,1.9,9.1,14.4,03-2016,
23.1,34.8,11,1008.2,52,0,1.3,5.4,14.4,03-2016,
26.1,38.4,15,1008.7,28,0,3.1,8.3,21.7,03-2016,
20.9,28.8,15,1012.2,39,0,3.4,7.8,10.7,03-2016,
19.9,27,14,1008.6,63,0,1.6,6.7,14.4,03-2016,
22.3,29.8,14,1012.1,59,0,1.6,6.7,14.4,03-2016,
19.9,24.2,18.4,1015.3,87,0,0.8,9.1,10.7,03-2016,
21.4,28.6,18.8,1011.3,85,6.6,0.6,6.7,14.4,03-2016,
24.3,30.6,21.4,1005.7,78,0,0.8,5.7,10.7,03-2016,
26.5,36.4,20.4,1002.5,46,0,1.4,5.9,10.7,03-2016,
25.1,34,16,1003.2,57,0,1.9,7.6,14.4,04-2017,
26.4,36.6,19,1002.2,56,0,1.9,9.8,21.7,04-2017,
25.5,36.8,17,1007.4,39,0,2.7,12,21.7,04-2017,
25.5,34.6,17,1003.8,34,0,2.7,6.7,14.4,04-2017,
23.9,38.6,17.4,1010.2,34,0,1.9,5.9,10.7,04-2017,
21.9,27.6,16.2,1020,36,0,2.9,12,21.7,04-2017,
19.2,27.4,15.6,1019,59,0,2.1,8.3,14.4,04-2017,
21.9,27.6,18,1015,69,0,1.3,6.7,10.7,04-2017,
22.2,29.2,16.6,1010,72,0,1.9,9.3,21.7,04-2017,
26.5,32.4,18.4,1008.9,63,0,1.6,9.1,14.4,04-2017,
25.6,33.6,20.6,1011.6,75,0,0.8,9.4,10.7,04-2017,
22.3,30.6,17.6,1016,75,44.7,1.8,11.3,18,04-2017,
21.3,28.2,17.6,1015.3,83,1.02,2.3,12.6,21.7,04-2017,
-,-,-,-,-,-,-,-,-,04-2017,
23.2,27.6,18.6,1012.7,78,0.76,1.9,7.2,14.4,04-2017,
23.3,29.2,20,1012.3,77,0,1,5.4,10.7,04-2017,
23,26.2,19,1012.7,78,0,1.8,6.5,14.4,04-2017,
23,29.6,17.6,1012.8,72,1.02,1.3,5.4,7.2,04-2017,
24.8,32.8,16.6,1012.6,62,0,1.8,7.2,14.4,04-2017,
24.5,33.2,20.2,1012.7,-,0,1.4,6.3,10.7,04-2017,
25.2,32.6,19.4,1009.7,67,0,1.6,8.3,14.4,04-2017,
25.9,33.2,19.4,1006.9,65,0,1.8,6.7,14.4,04-2017,
18.4,23.6,15,1019,70,0,1.9,5.4,7.2,04-2017,
23.2,27.4,17,1011.2,57,0,2.3,7.2,10.7,04-2017,
28.1,38.4,16.4,1002.5,42,0,2.4,7.8,14.4,04-2017,
30.4,41.8,19.4,997.2,29,0,2.3,8.5,14.4,04-2017,
27.6,40.2,20,1001.9,41,0,1.9,10.4,21.7,04-2017,
29,39.6,21.2,999,56,0,1.9,8.5,21.7,04-2017,
32.2,41.8,21.2,996.3,39,0,2.1,8.7,14.4,04-2017,
26.8,42.2,16.6,1007,34,0,2.6,7.2,14.4,04-2017,
24.2,29.2,18,1012.6,71,0,1.8,4.6,10.7,11-2016,
25.3,31.6,19,1012.6,73,0,1.8,5,7.2,11-2016,
25,31.8,21,1015.4,81,14.48,1.6,8.7,14.4,11-2016,
22.2,30.4,20.6,1019.5,90,37.08,1.1,5.9,14.4,11-2016,
20.9,24.8,19.2,1020.2,91,51.31,1.1,5.4,14.4,11-2016,
21.9,24.6,20.4,1016.7,90,0,1.1,4.1,7.2,11-2016,
22,25.4,19.8,1015,85,0,1,4.4,7.2,11-2016,
21.3,28.8,17.6,1017.3,85,0,1.6,4.1,7.2,11-2016,
18.4,26,15.8,1021.2,81,6.6,1.1,4.3,7.2,11-2016,
17.8,20.4,15.6,1022.7,80,1.78,1,3.5,3.5,11-2016,
-,-,-,-,-,-,-,-,-,11-2016,
16.8,19,15.2,1023.2,93,1.52,1,3.5,3.5,11-2016,
15.7,18.2,14.6,1022.5,94,4.83,0.8,3.5,3.5,11-2016,
17.8,21.4,15.8,1019.7,85,8.13,1,3.5,3.5,11-2016,
19.1,25,14.8,1018.7,84,0,1.4,3.5,3.5,11-2016,
21.1,28.8,14,1016.5,65,0,1.8,4.3,7.2,11-2016,
19.5,28.6,14,1011.3,73,0,1.4,5.7,10.7,11-2016,
21.6,28.2,14,1011.4,76,0,1.1,4.3,7.2,11-2016,
18.4,26.8,13.2,1029.7,46,0,1.6,6.7,7.2,11-2016,
15.3,20.4,9,1028.5,49,0,1.9,4.8,7.2,11-2016,
17.4,22.6,13.8,1019.7,60,0,1.6,5.4,10.7,11-2016,
20.1,25.8,11.4,1013,71,0,1.3,4.3,7.2,11-2016,
20,28.4,14.4,1015.7,76,0,1,4.6,7.2,11-2016,
20.1,23.2,18,1019.1,72,0,1,5.4,10.7,11-2016,
19.7,22,18.2,1019.6,82,0,1,5.7,10.7,11-2016,
20,26.8,17.6,1023.7,79,0,1,6.1,10.7,11-2016,
20,25.4,17.6,1017,82,1.02,1.1,6.3,7.2,11-2016,
22.2,31,16.4,1004.5,63,0,1.4,5.4,10.7,11-2016,
24,35,16,1000.3,47,0,1.4,5,10.7,11-2016,
20,34.6,16,1009.7,43,0,1.9,7.2,14.4,11-2016,
26.1,34.2,17,1006.7,66,0,2.1,4.8,7.2,05-2013,
23.2,25.8,18.8,1012.8,80,1.02,2.3,8.1,18,05-2013,
15.4,27.4,11,1025.4,48,13.46,3.4,8.5,18,05-2013,
18.4,26,13.2,1017.1,42,0,3.4,7.2,14.4,05-2013,
21.6,28.6,16.4,1013.5,53,0,3.4,6.7,14.4,05-2013,
24.1,31.6,16,1013.1,62,0,2.1,7.6,14.4,05-2013,
22.9,30.6,16,1015.4,60,0,2.6,10.7,18,05-2013,
24.7,32,20.5,1011.5,67,0,1.6,7.6,14.4,05-2013,
27.8,33.6,22.2,1009.4,61,0,1.6,8.1,21.7,05-2013,
30.7,38.6,21.6,1007.5,38,0,2.7,5,10.7,05-2013,
25.1,39.6,20.6,1012.4,64,0,1.8,7.6,21.7,05-2013,
17.8,20.2,16,1020.9,94,9.14,0.6,3.5,3.5,05-2013,
19.1,21.2,17,1023,86,2.54,1,6.3,7.2,05-2013,
19.4,24,17,1020.6,89,21.08,1,7.2,14.4,05-2013,
22.7,29.4,20.1,1015.6,84,0,1,5.4,10.7,05-2013,
27.9,37,22.6,1008.9,63,0,1.6,5,10.7,05-2013,
29.4,38.4,22,1006.7,54,0,1.6,7.2,18,05-2013,
30.6,36.4,22,1007.7,55,0,1.4,9.1,21.7,05-2013,
29.5,37.4,24.8,1006.2,57,0,1.6,6.3,14.4,05-2013,
30.6,37.8,23,1004.6,54,0,1.6,6.7,10.7,05-2013,
29.6,36,23,1003.9,65,0,1.3,6.7,10.7,05-2013,
28.4,34.4,23.6,1006.7,70,0.25,0.6,5.9,14.4,05-2013,
27.7,33.2,23.2,1009.4,65,0,1.4,7.8,10.7,05-2013,
27.6,32.6,23.2,1011.9,72,0,0.8,12.6,21.7,05-2013,
24.9,31,19,1014.3,69,1.27,1.1,10.7,18,05-2013,
27.8,32.4,23.2,1013.5,68,0,1.8,9.6,10.7,05-2013,
28.1,33.4,20,1011.2,66,0,2.3,13.1,21.7,05-2013,
28.4,34,21.8,1006.8,63,0,2.4,9.1,18,05-2013,
27.9,34.2,21.8,1004.6,65,0,1.8,13.9,21.7,05-2013,
27.4,33,22.6,1004.5,70,0,1.6,7.6,14.4,05-2013,
28.1,35,24.2,1007.3,70,0,1.1,5.2,57.6,05-2013,
-,-,-,-,-,-,-,-,-,01-2014,
-,-,-,-,-,-,-,-,-,01-2014,
-,-,-,-,-,-,-,-,-,01-2014,
-,-,-,-,-,-,-,-,-,01-2014,
-,-,-,-,-,-,-,-,-,01-2014,
-,-,-,-,-,-,-,-,-,01-2014,
-,-,-,-,-,-,-,-,-,01-2014,
4.5,7.8,0.5,1024.7,86,0,1.4,3.5,3.5,01-2014,
10.5,12,8.8,1019,91,0,1.4,3.5,3.5,01-2014,
-,-,-,-,-,-,-,-,-,01-2014,
-,-,-,-,-,-,-,-,-,01-2014,
-,-,-,-,-,-,-,-,-,01-2014,
-,-,-,-,-,-,-,-,-,01-2014,
-,-,-,-,-,-,-,-,-,01-2014,
-,-,-,-,-,-,-,-,-,01-2014,
12.7,21.8,6.6,1021.2,59,0,1.3,-,-,01-2014,
-,-,-,-,-,-,-,-,-,01-2014,
-,-,-,-,-,-,-,-,-,01-2014,
14.3,22.4,10,1022.1,73,0,1,-,-,01-2014,
-,-,-,-,-,-,-,-,-,01-2014,
-,-,-,-,-,-,-,-,-,01-2014,
-,-,-,-,-,-,-,-,-,01-2014,
14.4,22.2,8.6,1014.9,68,0,1.4,3.5,3.5,01-2014,
-,-,-,-,-,-,-,-,-,01-2014,
4.5,9.6,0.8,1028.4,82,0,1,3.5,3.5,01-2014,
14.5,24.6,8,1014.4,70,0,1,-,-,01-2014,
19.1,31.4,8,1010.9,54,0,1.1,3.5,3.5,01-2014,
-,-,-,-,-,-,-,-,-,01-2014,
1.3,5,-1,1031.5,79,3.05,1.8,4.4,7.2,01-2014,
5.7,15,-1,1022.9,75,0,0.8,-,-,01-2014,
15.5,24.8,10.2,1012.6,66,0,1.1,-,-,01-2014,
17.7,23.8,12,1015.5,45,0,2.9,7.2,10.7,12-2016,
-,-,-,-,-,-,-,-,-,12-2016,
20,23.8,15,1009,85,0,1,4.1,7.2,12-2016,
15.6,18.4,12.4,1010.2,94,6.1,0.6,4.4,7.2,12-2016,
13.3,21.2,10.2,1012.7,78,6.1,1.6,5.4,10.7,12-2016,
17.8,26.6,9.8,1011.7,55,0,2.1,6.3,10.7,12-2016,
17.7,28.6,11.6,1013.7,67,0,1.6,4.8,7.2,12-2016,
14.8,20.2,10,1020.7,87,0,0.8,5.4,7.2,12-2016,
5.1,8.4,3.6,1034.3,93,1.02,0.5,5.7,7.2,12-2016,
8.2,10.9,6.4,1030.4,88,0,0.5,4.8,10.7,12-2016,
11.4,12.8,6.2,1020,95,0,0.5,3.5,3.5,12-2016,
20,26.2,10.6,1014.7,69,0,1.6,5,10.7,12-2016,
20.6,28,16.6,1013.9,69,0,1.4,4.3,7.2,12-2016,
20.1,29.8,13.6,1016.3,72,0,1.4,6.7,10.7,12-2016,
-,-,-,-,-,-,-,-,-,12-2016,
18.7,25.6,15.4,1016.8,81,0,1,4.8,7.2,12-2016,
24.3,32.4,18.2,1008.4,59,0,1.4,4.3,7.2,12-2016,
18.9,35.6,10.6,1013.3,56,0,1.6,5,7.2,12-2016,
-,-,-,-,-,-,-,-,-,12-2016,
9.2,15.6,5.4,1033.2,54,0,1.6,4.8,7.2,12-2016,
15.4,23.2,11,1024.4,53,0,1.6,4.8,7.2,12-2016,
18.3,25.4,9.6,1020.8,70,0,1.4,4.3,7.2,12-2016,
17.1,22,13,1019.6,92,0.51,0.8,5.7,10.7,12-2016,
18.9,23.8,15.2,1014.7,81,0,1.1,3.5,3.5,12-2016,
-,-,-,-,-,-,-,-,-,12-2016,
-,-,-,-,-,-,-,-,-,12-2016,
-,-,-,-,-,-,-,-,-,12-2016,
-,-,-,-,-,-,-,-,-,12-2016,
-,-,-,-,-,-,-,-,-,12-2016,
-,-,-,-,-,-,-,-,-,12-2016,
-,-,-,-,-,-,-,-,-,12-2016,
25.7,31.4,20.8,1010.8,51,0,2.7,6.3,14.4,10-2012,
27.1,35.2,21.2,1012.7,40,0,2.6,4.4,10.7,10-2012,
25.7,33.3,20.8,1012.9,51,0,2.4,5.4,10.7,10-2012,
27.9,36.7,20,1013,39,0,2.6,6.1,10.7,10-2012,
26.4,37.2,19.6,1015,46,0,2.6,3.5,10.7,10-2012,
26.2,33.6,19.2,1012.6,51,0,2.1,5.9,10.7,10-2012,
22.9,29.4,17,1013.9,69,0,2.1,8.5,18,10-2012,
15.2,23.2,11,1020.4,91,3.3,0.6,5,7.2,10-2012,
18.9,27.4,16,1017.3,81,0,0.6,3.1,3.5,10-2012,
25.4,31.6,21.2,1013.7,71,0,1.1,5.9,10.7,10-2012,
27.5,31.8,23.2,1013.9,66,0,1.9,10.2,18,10-2012,
26.8,32,23.2,1015,68,0,2.6,13.5,21.7,10-2012,
27.8,34.2,23.6,1013.7,67,0,1.9,9.4,21.7,10-2012,
27.1,35,23,1011.7,67,0,2.1,5.4,10.7,10-2012,
24.3,29.8,21.4,1015.5,78,4.32,1.8,5.4,10.7,10-2012,
25.2,31.6,21.4,1011.6,66,7.11,1.6,2.8,3.5,10-2012,
27.4,34,23.6,1006.6,60,0,1.9,4.6,10.7,10-2012,
29.5,37,24,1006.4,48,0,2.3,5,10.7,10-2012,
25.8,33.2,23.4,1011,63,0,1.6,5.4,14.4,10-2012,
23.7,27.8,21.8,1011.5,80,0,1,3.5,3.5,10-2012,
26,31.6,21.6,1009.1,73,0,1.4,5.4,14.4,10-2012,
25.7,31.8,21.8,1009.8,72,0,1.4,5,10.7,10-2012,
25.4,31.9,20,1010.5,69,0,1.4,5,10.7,10-2012,
26.6,30.8,23,1011,66,0,2.3,7.2,10.7,10-2012,
26.6,29.6,23,1010.9,63,0,1.1,5,7.2,10-2012,
26.3,32.8,20.2,1008.5,65,0,1.4,4.3,7.2,10-2012,
15.4,18.6,12.8,1021.3,64,0,1.4,4.3,7.2,10-2012,
17.2,22.2,14.6,1021.4,56,0,1.6,4.3,7.2,10-2012,
19,23.8,16,1021.3,52,0,2.3,5.4,10.7,10-2012,
19.8,28.4,13.6,1017.6,57,0,1.4,3.1,7.2,10-2012,
23.6,31.6,17.6,1013.7,53,0,1.6,4.1,7.2,10-2012,
28,34.2,22.2,1012.2,50,0,2.4,4.6,7.2,10-2015,
28.3,35.8,23.2,1013.7,57,0,2.6,4.3,7.2,10-2015,
26.7,36.2,20.6,1008.4,60,0,2.1,5.9,7.2,10-2015,
24.1,32.2,20,1009.1,76,0,1.4,9.1,14.4,10-2015,
24,27.2,20,1013.7,81,0.25,1.1,4.3,7.2,10-2015,
24.4,27.4,21.6,1016.5,79,0,2.1,4.3,7.2,10-2015,
24.6,31.3,20.6,1013,78,1.02,2.1,4.3,7.2,10-2015,
25.1,29,21.2,1014.6,73,3.05,1.8,6.7,10.7,10-2015,
23.3,25.6,21.4,1014.9,83,0,1.9,5.4,14.4,10-2015,
25.1,30,22,1018.8,71,0,2.7,3.5,3.5,10-2015,
26.7,32.2,22.6,1015.3,65,0,2.6,5.7,10.7,10-2015,
28.1,37.6,22.2,1009.4,59,0,2.3,5.4,10.7,10-2015,
29.9,40.2,21,1009.8,54,0,2.4,4.3,7.2,10-2015,
26.9,38.8,21.4,1014.2,68,4.83,1.6,7.2,10.7,10-2015,
26.2,35.3,21.4,1014.4,63,0,2.7,5.2,10.7,10-2015,
25.3,33.5,21,1015.8,67,0,2.3,7.2,21.7,10-2015,
23.4,28.8,20,1018.9,76,0.25,2.1,6.7,10.7,10-2015,
22.4,30.5,19.2,1021,76,0,1.9,5.9,10.7,10-2015,
23.2,29.3,18,1020.3,69,0,2.4,7.2,10.7,10-2015,
24.4,29.8,19,1013.7,71,0,1.8,8.1,10.7,10-2015,
23.4,26,20.2,1016.4,71,0,2.7,9.3,14.4,10-2015,
25.8,31.5,18,1010.4,77,16.51,2.4,8.7,10.7,10-2015,
26.3,29,23.4,1008.1,78,0,1.9,6.7,7.2,10-2015,
22.9,25.6,20.4,1007.8,91,16.26,1,4.4,7.2,10-2015,
21.7,26.6,19.4,1015,67,35.81,2.9,9.8,18,10-2015,
20.6,28.4,15.4,1015.9,54,0,3.1,4.8,10.7,10-2015,
25.1,35,18.6,1010,55,0,2.9,4.3,7.2,10-2015,
22.5,29.4,16,1012.6,58,0,3.2,5,10.7,10-2015,
27.5,35.8,18,1008.5,45,0,3.4,6.5,10.7,10-2015,
24.1,31.4,19.2,1004.9,76,1.78,2.1,4.3,7.2,10-2015,
23.2,25.8,21.6,1004.4,71,0,1.9,5,7.2,10-2015,
27.9,36.6,20.4,1002.8,39,0,3.2,10.7,18,04-2016,
19.3,24.4,13.4,1021.9,49,0,3.1,7.2,14.4,04-2016,
-,-,-,-,-,-,-,-,-,04-2016,
20.1,27.6,14,1019.4,48,0,2.1,6.7,14.4,04-2016,
24,32,14,1018.6,49,0,2.3,9.6,18,04-2016,
23.1,31.4,16.2,1014,62,0,2.3,6.3,10.7,04-2016,
-,-,-,-,-,-,-,-,-,04-2016,
22.6,29.8,20,1013.9,79,0.25,1.3,6.7,14.4,04-2016,
21.7,26,17.8,1014.8,79,0,1.1,9.1,18,04-2016,
23.1,29.6,19.6,1012,73,0,1.6,7.8,18,04-2016,
26.3,34,21.4,1008.9,62,0,1.6,4.1,7.2,04-2016,
26.3,36.6,20.6,1011,67,0,1.4,9.1,14.4,04-2016,
23.4,28.6,20.8,1011.9,78,0,1.1,6.3,10.7,04-2016,
22.4,27,19,1013.1,74,0,1.6,6.3,10.7,04-2016,
22.4,29.4,19,1008.5,78,0,1.4,7.2,10.7,04-2016,
23.8,31,20.8,1005.2,75,0,1.8,5,7.2,04-2016,
26.3,34.4,20.2,1006.3,63,0,1.9,7.6,14.4,04-2016,
25.4,37,20,1010,67,0,1.4,8.1,18,04-2016,
23.4,32.4,19.8,1011.1,73,0,1.9,7.2,14.4,04-2016,
24.1,34.8,20,1013,72,0,1.9,9.1,14.4,04-2016,
24.4,31.4,20.8,1010.7,69,0,1.4,6.7,10.7,04-2016,
25.8,34.4,20.2,1013.3,66,0,1.9,9.4,14.4,04-2016,
22.3,28.4,18.6,1015.7,75,29.97,1.6,6.7,18,04-2016,
23.2,31.4,19,1010.4,76,2.54,1.3,5,7.2,04-2016,
28.9,36.6,19,1005.6,48,0,3.4,5.4,10.7,04-2016,
28.7,40,21.6,1002,56,0,1.9,9.1,18,04-2016,
28.8,40.2,22.8,1002.4,41,0,2.6,7.6,28.7,04-2016,
28.8,37.2,21.4,1003.8,47,0,2.1,10.2,21.7,04-2016,
28.3,36.4,21.4,1001.5,67,0,1.6,8.3,18,04-2016,
28.9,33.8,20,1003.2,31,0,2.7,9.1,14.4,04-2016,
27.3,32.6,24,1012.4,74,4.83,1.6,4.3,7.2,09-2016,
28.8,34.8,24,1012.1,66,3.81,1.8,4.8,7.2,09-2016,
26.3,32.6,22.4,1013.2,77,1.52,2.3,4.8,10.7,09-2016,
26.1,31.8,23.2,1011.3,74,0,1.9,5.4,7.2,09-2016,
26.8,31,22.4,1011.7,70,0,3.1,9.6,10.7,09-2016,
28.1,33.2,23.8,1014.1,66,0,2.3,6.5,10.7,09-2016,
-,-,-,-,-,-,-,-,-,09-2016,
27.2,36,22.6,1010.8,65,0,2.3,6.3,10.7,09-2016,
27.6,35.8,24,1013.6,64,0,2.3,5.4,10.7,09-2016,
29,36,22.6,1012.8,58,0,1.8,4.8,7.2,09-2016,
29.3,33.6,24.2,1016.6,59,0,2.1,5.4,10.7,09-2016,
28.5,34,24.4,1012.7,61,0,2.1,5.4,7.2,09-2016,
28.7,33.2,24.8,1010.1,65,0,2.4,5.4,14.4,09-2016,
27.2,35.2,24,1013.3,73,0,1.1,5.4,10.7,09-2016,
27.9,35,23.4,1013.8,69,7.11,1.4,6.3,10.7,09-2016,
28.3,34.2,23.8,1011.4,68,0,1.8,5.9,10.7,09-2016,
28.6,35.2,23.8,1011.2,68,0,1.9,5,7.2,09-2016,
29.6,35.4,25.4,1011.6,64,0,1.9,5.4,7.2,09-2016,
30.7,36.4,25,1012.4,59,0,1.6,5.9,14.4,09-2016,
29.4,37.3,24.4,1013.7,63,0,2.3,8.1,14.4,09-2016,
27.8,36.4,23,1011.9,60,0,2.6,6.3,14.4,09-2016,
27.9,36.2,23.4,1013.5,61,0,2.1,7.2,14.4,09-2016,
26.5,34.2,23,1011,68,0,2.3,6.7,10.7,09-2016,
26.9,34.5,23.6,1010.7,71,0,1.9,5.9,10.7,09-2016,
23.3,34,21,1013.2,89,28.45,1,3.5,3.5,09-2016,
27.3,31.6,24.2,1009.2,71,0,1.8,4.4,7.2,09-2016,
20,24.8,17.6,1016.6,95,39.12,0.8,3.5,3.5,09-2016,
21.9,26,19.8,1017.3,81,0,1.4,3.5,3.5,09-2016,
24.6,27.2,22.4,1018.2,76,0,1.9,3.5,3.5,09-2016,
24.8,28.8,22.2,1019,74,0,2.1,7.2,10.7,09-2016,
23.3,29,18,1009.7,74,0,2.1,11.3,21.7,04-2013,
27,35.4,17.6,1009.5,55,0,2.1,7.8,14.4,04-2013,
22.3,29,18,1009.9,74,0,2.3,5,7.2,04-2013,
18.6,26.8,14.8,1018.4,66,0,2.6,7.2,21.7,04-2013,
20.6,29.2,14,1019.4,56,0,3.5,8.1,18,04-2013,
21.3,28.6,16.2,1013.7,64,0,2.6,8.5,14.4,04-2013,
23.9,31.8,17.8,1008.4,61,0,2.3,5.4,10.7,04-2013,
26.6,36,19.8,1004.2,54,0,2.4,6.3,14.4,04-2013,
29.3,38.6,21.6,1000.7,40,0,2.7,6.7,18,04-2013,
28.3,40,20.2,1000.5,39,0,2.3,9.1,14.4,04-2013,
21.7,31.4,16,1008.7,39,0,3.1,7.2,18,04-2013,
21.3,29.2,14.8,1008.6,48,0,3.1,9.1,18,04-2013,
21.7,30.2,14.8,1007.5,67,0,2.4,13,21.7,04-2013,
25.1,35.4,20.2,1005.4,60,0,2.6,5.9,10.7,04-2013,
28.1,37,20.6,1003.2,46,0,2.4,5,10.7,04-2013,
27.6,39.2,20,1004.2,55,0,5.1,6.3,18,04-2013,
27.8,35.4,21.8,1004.7,61,0,1.9,8.1,14.4,04-2013,
29.4,38.8,21.6,1001.6,42,0,1.8,10.4,25.2,04-2013,
20.5,28.4,16.2,1017.8,34,0,3.1,10.4,18,04-2013,
17.7,26,11.4,1019.7,35,0,4.2,9.4,21.7,04-2013,
20.4,28.2,14.2,1014.4,53,0,3.1,8.1,21.7,04-2013,
23.3,31.2,17.2,1014.3,54,0,3.2,9.4,21.7,04-2013,
25.2,32.6,17,1008.2,60,0,2.1,6.7,10.7,04-2013,
21.1,31,13.6,1013.2,74,0,1.3,7.6,14.4,04-2013,
13.2,15.8,11.8,1023.1,84,3.05,0.6,3.1,3.5,04-2013,
17.1,25.2,14,1019.2,81,0,0.6,3.5,7.2,04-2013,
22.8,27.6,14,1014.1,73,0,1.4,3.5,7.2,04-2013,
21.8,27.8,17,1011.6,83,14.99,1.3,5.2,10.7,04-2013,
19.1,22.6,17.2,1012,90,14.99,0.6,4.6,7.2,04-2013,
23,31.6,18.2,1007.5,74,0,1.8,4.1,7.2,04-2013,
-,-,-,-,-,-,-,-,-,10-1997,
-,-,-,-,-,-,-,-,-,10-1997,
-,-,-,-,-,-,-,-,-,10-1997,
-,-,-,-,-,-,-,-,-,10-1997,
-,-,-,-,-,-,-,-,-,10-1997,
22.4,30,20,1011.0,87,10.92,5,7.2,14.4,10-1997,
-,-,-,-,-,-,-,-,-,10-1997,
26.1,30.1,22.3,1007.6,84,0.76,3.4,4.3,7.2,10-1997,
-,-,-,-,-,-,-,-,-,10-1997,
24.1,30.6,21.7,1011.3,90,34.8,3.7,4.4,7.2,10-1997,
-,-,-,-,-,-,-,-,-,10-1997,
24.1,29.2,21.6,1009.7,92,31.5,3.4,4.3,7.2,10-1997,
22.6,26.7,20.7,1012.8,71,5.59,7.6,6.3,10.7,10-1997,
-,-,-,-,-,-,-,-,-,10-1997,
-,-,-,-,-,-,-,-,-,10-1997,
18,22.7,10.8,1027.2,67,0,18.8,5.4,7.2,10-1997,
-,-,-,-,-,-,-,-,-,10-1997,
-,-,-,-,-,-,-,-,-,10-1997,
-,-,-,-,-,-,-,-,-,10-1997,
-,-,-,-,-,-,-,-,-,10-1997,
-,-,-,-,-,-,-,-,-,10-1997,
-,-,-,-,-,-,-,-,-,10-1997,
-,-,-,-,-,-,-,-,-,10-1997,
26,32.2,19.6,1004.1,54,0,11.3,4.6,7.2,10-1997,
27.4,33.7,17.5,1001.3,40,0,13,6.3,10.7,10-1997,
-,-,-,-,-,-,-,-,-,10-1997,
-,-,-,-,-,-,-,-,-,10-1997,
-,-,-,-,-,-,-,-,-,10-1997,
-,-,-,-,-,-,-,-,-,10-1997,
-,-,-,-,-,-,-,-,-,10-1997,
-,-,-,-,-,-,-,-,-,10-1997,
-,-,-,-,-,-,-,-,-,03-2014,
-,-,-,-,-,-,-,-,-,03-2014,
-,-,-,-,-,-,-,-,-,03-2014,
-,-,-,-,-,-,-,-,-,03-2014,
-,-,-,-,-,-,-,-,-,03-2014,
-,-,-,-,-,-,-,-,-,03-2014,
-,-,-,-,-,-,-,-,-,03-2014,
-,-,-,-,-,-,-,-,-,03-2014,
-,-,-,-,-,-,-,-,-,03-2014,
10.9,13.2,9.6,1022.3,92,6.1,0.8,3.5,3.5,03-2014,
-,-,-,-,-,-,-,-,-,03-2014,
-,-,-,-,-,-,-,-,-,03-2014,
-,-,-,-,-,-,-,-,-,03-2014,
-,-,-,-,-,-,-,-,-,03-2014,
19.3,27.4,15,1010.6,74,0,0.8,3.5,3.5,03-2014,
-,-,-,-,-,-,-,-,-,03-2014,
-,-,-,-,-,-,-,-,-,03-2014,
-,-,-,-,-,-,-,-,-,03-2014,
19.3,23.6,15.8,-,49,0,1.8,-,-,03-2014,
-,-,-,-,-,-,-,-,-,03-2014,
-,-,-,-,-,-,-,-,-,03-2014,
-,-,-,-,-,-,-,-,-,03-2014,
-,-,-,-,-,-,-,-,-,03-2014,
-,-,-,-,-,-,-,-,-,03-2014,
-,-,-,-,-,-,-,-,-,03-2014,
-,-,-,-,-,-,-,-,-,03-2014,
-,-,-,-,-,-,-,-,-,03-2014,
-,-,-,-,-,-,-,-,-,03-2014,
-,-,-,-,-,-,-,-,-,03-2014,
-,-,-,-,-,-,-,-,-,03-2014,
-,-,-,-,-,-,-,-,-,03-2014,
14.6,20.4,10,1023.6,61,0,1.4,6.7,21.7,02-2013,
16.6,22.4,10,1021.6,73,0,1.8,3.5,10.7,02-2013,
23.6,31.2,14,1010.5,50,0,1.9,7.2,21.7,02-2013,
-,-,-,-,-,-,-,-,-,02-2013,
17.6,27.4,11.4,1022.1,69,0,1.3,3,10.7,02-2013,
23.1,31.2,17,1010.2,53,0,1.9,7.2,14.4,02-2013,
23.4,31,18.2,1010.5,62,0,1.4,4.4,14.4,02-2013,
21.3,32.4,17.6,1015.9,67,0,1.6,8.1,21.7,02-2013,
19,25,17,1014.4,77,0.25,1.1,7.6,18,02-2013,
23.9,33,17.8,1007.3,57,0,1.6,5.9,14.4,02-2013,
21.2,34.4,15,1010.9,47,0,1.4,6.7,14.4,02-2013,
22.6,29,15,1009.6,57,0,1.6,9.1,21.7,02-2013,
19.4,26.2,14,1015.1,42,0,2.6,13.1,21.7,02-2013,
17.2,22.6,13.6,1017.4,37,0,1.9,8.3,21.7,02-2013,
18.6,24.4,9,1016.7,44,0,1.8,10.2,21.7,02-2013,
15.8,23.6,11,1026.1,54,0,1.8,7.6,18,02-2013,
15.2,23.6,9.3,1021.6,57,0,2.1,8.1,21.7,02-2013,
20.3,31.8,13.6,1012,56,0,1.8,5.4,10.7,02-2013,
21.9,33.6,10.6,1014.5,47,0,2.4,8.5,21.7,02-2013,
20.7,27,18,1011.1,74,0,1.6,9.8,18,02-2013,
26.9,33.8,16.8,1002.4,41,0,1.8,9.1,18,02-2013,
22.7,29,16,1011,55,0,1.8,9.1,18,02-2013,
23.1,27.2,19.6,1008.3,36,0,1.9,7.2,18,02-2013,
19.6,27,13.6,1008.8,62,0,1.9,6.7,21.7,02-2013,
21.4,26.1,13.6,1003.4,39,0,1.8,7.2,21.7,02-2013,
17.4,26.8,10,1012.2,25,0,1.9,8.1,21.7,02-2013,
17.4,24.6,10,1013.4,26,0,2.9,9.4,21.7,02-2013,
16.2,24.8,10,1021.6,30,0,4,9.6,14.4,02-2013,
-,-,-,-,-,-,-,-,-,08-2013,
-,-,-,-,-,-,-,-,-,08-2013,
29.9,35.4,24.8,1011.3,57,0,2.6,9.8,18,08-2013,
-,-,-,-,-,-,-,-,-,08-2013,
-,-,-,-,-,-,-,-,-,08-2013,
-,-,-,-,-,-,-,-,-,08-2013,
-,-,-,-,-,-,-,-,-,08-2013,
-,-,-,-,-,-,-,-,-,08-2013,
-,-,-,-,-,-,-,-,-,08-2013,
-,-,-,-,-,-,-,-,-,08-2013,
25.7,37.4,22.4,1015.8,75,19.56,1.8,4.4,7.2,08-2013,
-,-,-,-,-,-,-,-,-,08-2013,
-,-,-,-,-,-,-,-,-,08-2013,
-,-,-,-,-,-,-,-,-,08-2013,
-,-,-,-,-,-,-,-,-,08-2013,
-,-,-,-,-,-,-,-,-,08-2013,
-,-,-,-,-,-,-,-,-,08-2013,
-,-,-,-,-,-,-,-,-,08-2013,
-,-,-,-,-,-,-,-,-,08-2013,
-,-,-,-,-,-,-,-,-,08-2013,
-,-,-,-,-,-,-,-,-,08-2013,
-,-,-,-,-,-,-,-,-,08-2013,
27.5,30.4,24.6,1013.1,66,0,3.1,7.2,18,08-2013,
27.6,31.2,24.6,1013.4,67,0,2.7,-,-,08-2013,
-,-,-,-,-,-,-,-,-,08-2013,
-,-,-,-,-,-,-,-,-,08-2013,
-,-,-,-,-,-,-,-,-,08-2013,
26.2,30.4,22,1015.4,72,13.72,1.9,8.1,18,08-2013,
28.2,31.5,23.2,1015.8,62,0,3.2,-,-,08-2013,
-,-,-,-,-,-,-,-,-,08-2013,
-,-,-,-,-,-,-,-,-,08-2013,
26.5,37.6,17.4,1005.2,66,0,10.5,10.7,14.4,05-1997,
30.6,37.5,21.5,1002.2,45,0,10.5,11.7,18,05-1997,
-,-,-,-,-,-,-,-,-,05-1997,
-,-,-,-,-,-,-,-,-,05-1997,
-,-,-,-,-,-,-,-,-,05-1997,
-,-,-,-,-,-,-,-,-,05-1997,
-,-,-,-,-,-,-,-,-,05-1997,
24.7,29.7,20.4,1011.0,78,0,7.6,6.3,10.7,05-1997,
-,-,-,-,-,-,-,-,-,05-1997,
18.7,27.4,14.5,1020.6,76,0,10.5,11.5,21.7,05-1997,
20.9,25.6,14.5,1017.1,76,0,8.2,3.5,3.5,05-1997,
-,-,-,-,-,-,-,-,-,05-1997,
-,-,-,-,-,-,-,-,-,05-1997,
25.1,32.1,18.2,1008.8,71,0,13.7,6.7,14.4,05-1997,
24.9,32.8,16.5,1010.0,72,0,9.7,5.7,10.7,05-1997,
23,28.2,19.2,1013.4,82,0,7.6,5,10.7,05-1997,
23,29,18.4,1013.9,81,27.69,6.4,8.1,10.7,05-1997,
-,-,-,-,-,-,-,-,-,05-1997,
-,-,-,-,-,-,-,-,-,05-1997,
24.7,31.4,20.5,1011.0,71,0,13,10,18,05-1997,
25.8,31,20,1012.6,74,0,7.7,7.2,10.7,05-1997,
24.1,29.8,19.1,1012.9,80,2.03,7.2,8,10.7,05-1997,
25.2,29.4,21.7,1012.0,76,0,5,6.7,10.7,05-1997,
-,-,-,-,-,-,-,-,-,05-1997,
27.9,37.9,21.7,1005.9,72,0,12.2,3.5,7.2,05-1997,
29.2,39,21.2,1003.6,71,0,12.7,6.7,10.7,05-1997,
31.1,38,23.2,1005.4,71,0,6.8,6.5,7.2,05-1997,
24,35.4,19,1011.5,77,21.08,11.3,11.9,28.7,05-1997,
-,-,-,-,-,-,-,-,-,05-1997,
-,-,-,-,-,-,-,-,-,05-1997,
-,-,-,-,-,-,-,-,-,05-1997,
-,-,-,-,-,-,-,-,-,01-2017,
20,32.6,15,1016.2,57,0,1.1,4.3,7.2,01-2017,
-,-,-,-,-,-,-,-,-,01-2017,
17.6,25,14.8,1016.4,77,0,1.3,3.5,3.5,01-2017,
14.8,25,12.2,1012.3,87,0,0.6,3.5,3.5,01-2017,
14.5,22.2,7.2,1011.3,88,0,1,3.5,3.5,01-2017,
2.9,10.8,-0.6,1033.4,71,0.76,1.1,6.3,10.7,01-2017,
5.6,10.4,-0.6,1037.7,56,0,1.8,5.7,10.7,01-2017,
10.5,21.6,5.6,1029,62,0,1.9,5,10.7,01-2017,
16.3,26.4,9.8,1018.7,63,0,1.8,4.1,7.2,01-2017,
18.2,29,7.6,1013.9,65,0,1.4,4.4,10.7,01-2017,
20.4,27.6,10.8,1017.3,71,0,1.8,4.4,7.2,01-2017,
18.9,27.6,9.8,1012.7,69,0,1.4,5,7.2,01-2017,
21.1,27.9,13.8,1019.5,75,0,1.4,9.1,14.4,01-2017,
19.7,25.8,16.4,1015.3,81,1.02,1.4,8.1,14.4,01-2017,
20.2,27.2,16,1010.3,74,0,1.6,5.4,7.2,01-2017,
19.6,25,16,1011.8,81,0,1.4,6.5,10.7,01-2017,
17.7,21.4,13.8,1014.3,80,0,1.1,4.8,7.2,01-2017,
17,25.6,13.8,1013,80,0,1.4,5.9,10.7,01-2017,
22.4,29,13.4,1006.3,41,0,2.3,5.9,14.4,01-2017,
23.7,31.6,14,1002.4,38,0,3.2,8,10.7,01-2017,
25.2,34,13,1004.5,23,0,3.1,10.7,21.7,01-2017,
19.9,29.8,13,1015,32,0,2.9,7.2,21.7,01-2017,
21.8,32,12.4,1007.4,43,0,2.4,4.1,7.2,01-2017,
22.9,35.6,11,1006,38,0,2.6,5.2,7.2,01-2017,
16.7,27.8,11.4,1019,37,0,1.9,7.2,14.4,01-2017,
13.2,21.8,9,1020.7,62,0,1.4,8.1,14.4,01-2017,
7.7,11.6,6.2,1027.8,93,22.1,1,5.4,10.7,01-2017,
9.5,17.6,4.4,1030.4,75,0,1.3,4.4,10.7,01-2017,
15.9,21,10.6,1025.8,49,0,2.3,5.7,10.7,01-2017,
15.9,23.6,10,1019.5,54,0,2.3,4.3,7.2,01-2017,
24.1,26,21.8,1015.8,69,0,1.6,8.1,10.7,10-2016,
23.3,26.8,22,1013.6,77,0,1.3,4.4,7.2,10-2016,
24.8,30.4,20.6,1011.8,73,0,1.3,4.1,7.2,10-2016,
26.3,33.2,22,1007.3,70,0,1.8,4.1,7.2,10-2016,
26.8,34.6,20,1007.8,74,0,1.6,5.7,10.7,10-2016,
28,31.8,23.8,1009.2,68,0,1.6,5.2,10.7,10-2016,
27.3,31.4,24,1010.6,72,0,1.3,5.9,14.4,10-2016,
24.1,33.4,19.8,1017.2,79,24.38,1.4,6.3,14.4,10-2016,
23.5,28.2,21.4,1019.9,77,34.8,1.8,5,10.7,10-2016,
24.3,26.8,20.6,1018.8,71,0,2.1,5.4,7.2,10-2016,
24.1,29.4,19.8,1017.5,75,0,1.6,12.6,72,10-2016,
25.4,32,21.2,1015.5,68,0,1.4,5.7,10.7,10-2016,
26.6,33.4,19,1014.8,68,0,1.9,6.7,14.4,10-2016,
25.7,29.6,21.4,1013.8,71,0,1.8,6.7,14.4,10-2016,
25.8,32.4,21.2,1013.6,71,0,1.9,5,10.7,10-2016,
26.3,32.8,19.8,1012.6,70,0,2.1,4.3,7.2,10-2016,
25.7,32.6,19.8,1011,72,0,1.9,3.5,3.5,10-2016,
26.8,32.4,22.2,1008.2,63,0,1.9,3.5,3.5,10-2016,
25.8,34.4,19.2,1009.8,69,0,1.4,4.6,10.7,10-2016,
26.4,30,23,1012.4,68,-,1.9,4.6,10.7,10-2016,
21,24.6,17.6,1020.9,70,3.05,2.6,4.3,7.2,10-2016,
19.7,25.2,15.4,1020.1,64,0,2.3,5.4,10.7,10-2016,
22.1,25.6,19,1018.4,62,0,2.1,5.4,10.7,10-2016,
22.9,28.6,18,1019.2,78,0,1.6,3.5,3.5,10-2016,
23.2,26.6,20.8,1018.6,82,0,1.6,7.6,10.7,10-2016,
23.7,27.6,20.4,1016.9,75,0,1.4,5.4,10.7,10-2016,
23.9,29.2,19.6,1018.4,72,0,2.1,5,10.7,10-2016,
24.5,29.2,18,1018.8,57,0,3.5,5.9,7.2,10-2016,
22.6,30.2,18,1018.3,65,0,2.1,4.8,10.7,10-2016,
23.4,30.2,18,1018,66,0,2.1,5.4,10.7,10-2016,
25.1,30.8,18,1015.9,62,0,2.6,4.3,7.2,10-2016,
31.8,38.2,25.2,1010.4,58,0,2.1,5.4,14.4,07-2016,
29.6,35,24.6,1012.9,61,0,2.3,4.4,7.2,07-2016,
30.6,38.4,23.6,1011.7,56,0,1.9,7.2,14.4,07-2016,
32.3,37.4,25.8,1009.9,57,0,2.1,7.2,10.7,07-2016,
31.7,37.8,25.4,1010.3,53,0,1.9,8.3,14.4,07-2016,
30.7,40.2,24.6,1010.4,59,0,2.3,9.4,14.4,07-2016,
31.6,39.8,24.4,1009.4,52,0,1.8,8.3,18,07-2016,
31.6,36.8,24.8,1010,55,0,2.1,5.4,7.2,07-2016,
31.6,39.8,24,1012.1,58,0,2.3,9.1,14.4,07-2016,
30.5,38.6,25.4,1010.7,61,0,1.9,6.3,10.7,07-2016,
31.9,38.4,26,1009,50,0,1.8,7.8,21.7,07-2016,
30.4,39.5,23.6,1009,54,0,2.1,7.2,14.4,07-2016,
29.6,35.2,24,1011,59,0,2.6,7.2,10.7,07-2016,
30.7,38.6,23.6,1011.4,51,0.51,1.9,9.1,14.4,07-2016,
31.4,40.6,23.6,1010.4,48,0,2.3,7.8,10.7,07-2016,
31.3,40.2,24,1010.5,45,0,2.1,11.5,21.7,07-2016,
29.6,36.2,24.8,1012,59,0,1.9,10.4,18,07-2016,
31.6,37,25.6,1013.1,47,0,1.9,12,18,07-2016,
29.8,36.4,24.6,1015.1,55,0,1.9,10.4,18,07-2016,
28.4,34,24.2,1016.4,61,-,1.9,10.7,18,07-2016,
28.2,34.2,23.4,1016.4,62,0,2.3,9.1,18,07-2016,
27.3,36.2,22,1015.6,64,0,2.6,5.7,10.7,07-2016,
29.4,36.6,22,1011.9,60,0,1.9,8.5,18,07-2016,
30.3,37,23,1009.1,56,0,1.9,6.7,14.4,07-2016,
30.4,39.6,23,1009.1,60,0,1.4,7.6,14.4,07-2016,
31,36,25.6,1008.9,56,0,1.4,5,7.2,07-2016,
-,-,-,-,-,-,-,-,-,07-2016,
-,-,-,-,-,-,-,-,-,07-2016,
-,-,-,-,-,-,-,-,-,07-2016,
-,-,-,-,-,-,-,-,-,07-2016,
27.2,32.6,22.6,1011.1,66,0,1.6,5.9,10.7,07-2016,
21.9,33.4,12,1003.9,42,0,2.7,4.8,10.7,02-2016,
20.7,33.6,13.4,1006.8,52,0,1.9,3.5,3.5,02-2016,
16.2,26.3,10.6,1014.3,42,0,2.1,5.9,7.2,02-2016,
13.5,22.2,8,1026.1,41,0,3.5,9.4,18,02-2016,
10.8,18,5.8,1026.9,55,0,2.4,10.4,21.7,02-2016,
13.8,21,9,1026.9,58,0,1.8,4.8,7.2,02-2016,
14.4,22.8,7.2,1025.2,46,0,1.8,6.7,14.4,02-2016,
16.3,24.7,7.2,1022.5,46,0,1.9,6.3,10.7,02-2016,
14.8,21.6,11,1027.6,45,0,1.9,5.4,10.7,02-2016,
16.1,24.6,9.2,1025.8,44,0,1.9,8.1,14.4,02-2016,
17.6,28,11.2,1020.9,44,0,1.9,4.8,10.7,02-2016,
23.1,30.9,10,1019.4,35,0,2.3,4.3,7.2,02-2016,
20.4,32.3,12.2,1021.2,52,0,2.6,7.2,14.4,02-2016,
19.3,28.3,12,1014.9,62,0,1.8,9.8,21.7,02-2016,
24.2,32,17.4,1008.1,43,0,2.1,5.4,10.7,02-2016,
22.4,33.8,15.4,1012.2,46,0,1.8,5.4,10.7,02-2016,
22,31.6,15.8,1016.1,63,0,1.4,8.1,14.4,02-2016,
23.6,28.1,17,1017.6,55,0,2.6,12.6,14.4,02-2016,
21.6,31,15.6,1016.3,65,0,1.4,5,10.7,02-2016,
22.3,30.2,16,1015,68,0,1.3,4.4,10.7,02-2016,
22.2,29.7,17,1011.8,74,0,1.6,4.4,7.2,02-2016,
22.4,28.7,17,1011.2,72,0,1.4,5.4,14.4,02-2016,
24.3,33,18,1001.8,50,0,1.9,7.6,14.4,02-2016,
16.4,29.6,11,1020.4,40,0,1.9,8.7,14.4,02-2016,
16.5,23.7,10,1022.2,40,0,2.4,5.4,10.7,02-2016,
16.7,26.2,10,1024.5,58,0,2.4,9.8,21.7,02-2016,
16.7,21.2,11,1022.4,72,0,1.9,9.8,14.4,02-2016,
21.7,29.4,14.4,1012.9,64,0,1.8,6.7,14.4,02-2016,
18.3,26.6,15.2,1016.7,79,0,1.6,8.1,21.7,02-2016,
-,-,-,-,-,-,-,-,-,01-2016,
-,-,-,-,-,-,-,-,-,01-2016,
-,-,-,-,-,-,-,-,-,01-2016,
10.2,13,9,1022.5,89,0,1,3.5,3.5,01-2016,
-,-,-,-,-,-,-,-,-,01-2016,
-,-,-,-,-,-,-,-,-,01-2016,
-,-,-,-,-,-,-,-,-,01-2016,
19.8,28,11.2,1008.4,54,0,2.3,4.3,7.2,01-2016,
18.8,29,11.2,1009.6,47,0,2.6,4.4,7.2,01-2016,
13.4,23,7,1021.2,46,0,2.7,10,18,01-2016,
11.1,16,5,1020.4,63,0,2.3,8,18,01-2016,
13.1,17.4,5,1023.6,65,0,1.8,5,7.2,01-2016,
12.8,19.2,8,1022,73,0,1.3,4.3,7.2,01-2016,
14.6,21.8,12,1014.7,78,0,0.6,7.2,21.7,01-2016,
19.8,27.8,11.8,1010.3,42,0,2.3,5.7,7.2,01-2016,
21.4,30,10.4,1008.3,27,0,3.1,18.7,28.7,01-2016,
15.4,27,8.4,1017.8,41,0,2.9,6.1,18,01-2016,
16.1,22,11.8,1020.8,44,0,1.9,8.1,14.4,01-2016,
18.2,26,11.6,1017,56,0,1.6,3.5,3.5,01-2016,
15.8,23.6,10,1021.4,65,0,1.4,4.3,7.2,01-2016,
20.1,29.4,10,1013.2,47,0,1.4,5.2,10.7,01-2016,
16.1,19.2,11.4,1024.2,38,0,2.6,4.3,7.2,01-2016,
14.2,22.8,8,1023.9,45,0,2.6,5.4,7.2,01-2016,
14.1,24.4,8.4,1016.9,53,0,2.1,5.7,7.2,01-2016,
17.7,21,13.6,1014.6,60,0,1.3,5.4,10.7,01-2016,
18.8,29.2,6,1010.4,46,0,1.9,5.4,10.7,01-2016,
8.6,14.2,5.6,1025.1,79,0,1.1,5.7,10.7,01-2016,
10.8,20.8,6.2,1025.5,65,7.87,2.3,5.7,7.2,01-2016,
15,23,9.6,1020,58,0,1.9,5.4,14.4,01-2016,
18.6,26.6,11.8,1012.8,49,0,2.1,3.5,3.5,01-2016,
21.8,32.2,13.6,1009.4,36,0,2.1,5.7,18,01-2016,
28.2,32,25.2,1012.5,70,0,2.7,8.1,14.4,09-2015,
26.8,36.4,21.6,1012.8,67,0.76,2.7,10.2,21.7,09-2015,
27.6,30.4,24.4,1010.2,70,0,1.9,-,-,09-2015,
27.3,30.8,25,1008.5,72,0,1.9,5.4,10.7,09-2015,
29.1,34,24.6,1010.1,66,0,2.6,8.3,18,09-2015,
29.3,34.6,24.6,1011.3,63,0,1.9,9.4,14.4,09-2015,
29.2,35.6,24.2,1010.1,64,0,2.1,7.2,14.4,09-2015,
29.2,36.4,24.2,1008.9,65,0,2.4,7.6,14.4,09-2015,
29.3,32.4,25.2,1008.8,66,0,1.3,6.7,10.7,09-2015,
29.1,37.3,24.2,1008.1,64,0,1.4,8.1,14.4,09-2015,
27.7,35,24.4,1009.1,72,0,1.3,4.4,7.2,09-2015,
22.5,26,19,1014.6,82,1.02,1.4,5,14.4,09-2015,
25.3,31.4,21,1014.7,72,0,2.1,6.1,10.7,09-2015,
25.4,28.6,22.8,1013.5,72,0,2.6,6.7,10.7,09-2015,
26.1,30.2,23.2,1013,74,0,2.4,6.3,10.7,09-2015,
26.7,32.8,23.2,1013.8,76,0,2.6,7.8,10.7,09-2015,
26.9,33.2,22.8,1013.1,74,0.25,2.1,9.1,14.4,09-2015,
27.3,34,22.6,1009.7,74,0,2.1,7.6,10.7,09-2015,
27.4,32,24,1008.9,74,0,2.3,10.4,21.7,09-2015,
26.4,31.6,22.4,1011.6,77,13.97,2.4,6.7,18,09-2015,
27.7,34,23.8,1011.6,68,0,2.6,8.1,25.2,09-2015,
27.7,31.6,23,1012.1,67,0,2.3,8.1,14.4,09-2015,
25.7,34.2,23,1013.6,76,0,1.9,7.8,10.7,09-2015,
26.3,32.5,21.6,1012.9,71,0,2.3,6.7,10.7,09-2015,
26.4,32.2,22,1013.9,58,0,2.6,5,14.4,09-2015,
25.1,34,20.8,1013.3,66,0.25,2.3,5.7,10.7,09-2015,
25.1,33.9,19.4,1011.5,62,0,2.3,3.5,3.5,09-2015,
26.6,34.6,21.2,1008.7,55,0,2.6,5,7.2,09-2015,
27.7,35.6,20.4,1007.8,53,0,2.4,4.4,7.2,09-2015,
28.4,36.4,21.6,1011.5,54,0,2.7,5.4,10.7,09-2015,
25.3,31,20.6,1015.4,70,0,1.9,6.7,10.7,06-2015,
26,32.4,20.6,1013.6,69,0,2.3,8.5,14.4,06-2015,
25.8,32.8,21.6,1010.6,75,0,1.6,6.7,14.4,06-2015,
26.8,31.3,22.6,1009.9,70,0,2.6,8.1,14.4,06-2015,
26.6,29.4,22.8,1012.1,72,0,1.8,9.3,14.4,06-2015,
25.7,31,22,1012.4,77,0.51,1.4,9.1,14.4,06-2015,
25.9,31.2,21.6,1012.1,74,0,1.8,9.8,18,06-2015,
26.3,31.6,22.4,1012.6,70,0,1.9,8.1,14.4,06-2015,
26.6,31.4,22.6,1011.7,73,0,1.4,7.2,10.7,06-2015,
27.4,32,23.6,1009.4,71,0,1.6,7.6,14.4,06-2015,
27.7,32.8,23.2,1007,69,0,1.9,6.7,14.4,06-2015,
27.9,32.8,23.4,1005.6,71,0,1.6,10.7,18,06-2015,
27.7,34.2,23,1006.2,74,0,1.3,8.1,14.4,06-2015,
28.2,32.6,23.8,1007,71,0,1.4,9.8,14.4,06-2015,
27.1,34.2,23.6,1008.7,77,4.06,1.6,8.5,14.4,06-2015,
28,30.6,25,1009.7,69,0,2.6,5.7,7.2,06-2015,
26.8,34.2,22.6,1010,76,2.29,1.9,5.2,7.2,06-2015,
25.5,30,22,1011.4,83,0,1.1,4.6,7.2,06-2015,
23.4,30.6,21,1013.1,90,9.4,1.1,4.6,7.2,06-2015,
24.8,32.5,21,1013.5,85,34.54,0.8,8.1,10.7,06-2015,
24.9,32.5,22.6,1012.5,86,0,1.4,4.8,7.2,06-2015,
23.9,31,21.6,1014,88,2.79,1.1,5.4,7.2,06-2015,
25.2,31.2,22,1014.5,81,2.79,1.1,9.1,14.4,06-2015,
25.4,29.8,22.6,1014.9,80,0,1.6,8.7,14.4,06-2015,
26.4,32.4,22.2,1016.1,74,1.02,1.8,9.8,14.4,06-2015,
27.4,32.2,23.6,1013.1,69,0,1.4,5.9,10.7,06-2015,
26.9,34.5,22,1013,72,0,1.6,6.7,7.2,06-2015,
27.5,33.8,22.4,1013.5,70,0.25,1.6,9.4,14.4,06-2015,
26,30.6,23,1012.7,75,0,1.3,5.9,7.2,06-2015,
25.7,31,22.6,1012.4,74,0,2.1,5.9,10.7,06-2015,
-,-,-,-,-,-,-,-,-,11-2013,
-,-,-,-,-,-,-,-,-,11-2013,
-,-,-,-,-,-,-,-,-,11-2013,
-,-,-,-,-,-,-,-,-,11-2013,
19.9,24.2,17,1013.3,76,0,1.1,-,-,11-2013,
22.5,25.6,20.6,1013.8,81,0,1,-,-,11-2013,
-,-,-,-,-,-,-,-,-,11-2013,
-,-,-,-,-,-,-,-,-,11-2013,
16.1,20,14,1020.9,69,0,3.2,-,-,11-2013,
18.1,21.2,15.8,1020.8,79,0,1.3,-,-,11-2013,
-,-,-,-,-,-,-,-,-,11-2013,
-,-,-,-,-,-,-,-,-,11-2013,
-,-,-,-,-,-,-,-,-,11-2013,
-,-,-,-,-,-,-,-,-,11-2013,
-,-,-,-,-,-,-,-,-,11-2013,
19.7,22.6,16.4,1010.7,81,0,1.4,-,-,11-2013,
-,-,-,-,-,-,-,-,-,11-2013,
-,-,-,-,-,-,-,-,-,11-2013,
-,-,-,-,-,-,-,-,-,11-2013,
-,-,-,-,-,-,-,-,-,11-2013,
-,-,-,-,-,-,-,-,-,11-2013,
22.7,24.8,20.6,1014.5,84,0,0.6,-,-,11-2013,
-,-,-,-,-,-,-,-,-,11-2013,
-,-,-,-,-,-,-,-,-,11-2013,
-,-,-,-,-,-,-,-,-,11-2013,
-,-,-,-,-,-,-,-,-,11-2013,
-,-,-,-,-,-,-,-,-,11-2013,
10.1,16.6,4.8,1028,62,0,2.7,-,-,11-2013,
11.1,15.4,5.8,1028.9,66,0,2.3,4.4,7.2,11-2013,
-,-,-,-,-,-,-,-,-,11-2013,
